User Name,Review Time,Rating,clean_text,Tipe,Kelas,Nama_Hotel,AI_Sentiment,AI_Aspek
Muhammad Irfan Hilmi,2025,5,sangat baik dalam pelayanan nya tapi masih ada kekurangan nya yaitu pintu kamar mandi tidak bisa dikunci,BUMN,Bintang 3,PatraJakarta,negative,Harga & Value for Money
andani danu,2025,5,Saya tidak nginap cuma berkunjung saja kata adek saya makanannya enak banget,BUMN,Bintang 3,PatraJakarta,positive,Kualitas Makanan & Restoran
M. ANDRES SAPUTRA,2025,5,makanan enak enak snack bervariasi kebersihan kamar sangat baik,BUMN,Bintang 3,PatraJakarta,positive,Kebersihan & Kenyamanan Kamar
Abdullah Alfarras,2025,5,tempatnya nyaman petugasnya ramah dan lokasi mudah untuk akses kemana mana mana mana,BUMN,Bintang 3,PatraJakarta,positive,Pelayanan Staf & Keramahan
Supriyatna,2025,5,tempat menarik jajanan atm mandiri rumah sakit dekat dengan transmart,BUMN,Bintang 3,PatraJakarta,positive,Lokasi & Akses Strategis
NBA 2013,2025,4,hotel ini dari jalan penampakannya sekilas tidak terlalu besar dan tidak terlalu tinggi dibandingkan gedung gedung lain di sekitarnya hanya terdiri dari 5 atau 6 lantai saja meskipun tidak besar dan tidak tinggi tetapi fasilitas di hotel ini sangat lengkap hotel ini termasuk kelas bintang 3 tetapi fasilitasnya setara dengan bintang 4 kamar tamunya cukup luas kamarnya setara dengan kamar hotel bintang 4 kamarnya cukup bersih dan terawat dengan baik hotel ini sering menjadi tempat diklat atau bengkel atau seminar atau rapat untuk karyawan pertamina dan berbagai anak perusahaan pertamina karena hotel ini memang merupakan salah satu anak perusahaan pertamina pt persero dan namun banyak juga tamu umum,BUMN,Bintang 3,PatraJakarta,positive,Kebersihan & Kenyamanan Kamar
Faathir ahsan,2025,5,Pelayanan mantap dijamin ramah memperbaiki bintang 5 asli tidak tipu tipu,BUMN,Bintang 3,PatraJakarta,positive,Pelayanan Staf & Keramahan
Eka Fajrin Fahrezy 53_02,2025,5,stafnya baik dan ramah makanannya enak bikin nagih,BUMN,Bintang 3,PatraJakarta,positive,Pelayanan Staf & Keramahan
Harum Budi,2025,1,mengecewakan sekali buffet sarapan diubah menjadi layanan kamar karena pengunjungnya sepi kolam renang sedang dimaintenance channel tv sedikit tidak seperti di keterangan daftar channel di meja mungkin karena pengiritan juga tidak bisa beraktivitas apa apa selama menginap di sini kemungkinan hotel tidak bisa bersaing makanya sepi menyesal menginap di sini,BUMN,Bintang 3,PatraJakarta,negative,Fasilitas Hotel (Kolam/Gym/Spa)
Daud Daffa Harkansas,2025,5,tempat bersih pelayanan baik staf ramah,BUMN,Bintang 3,PatraJakarta,positive,Pelayanan Staf & Keramahan
jeniansah rukmana,2025,5,pelayanan baik hotelnya nyaman,BUMN,Bintang 3,PatraJakarta,positive,Kebersihan & Kenyamanan Kamar
Reza Travilla,2025,2,hari ini saya mengalami kejadian tidak menyenangkan dari pihak keamanan hotel ini saya sering ngopi di sini sambil menunggu orang tua berobat cuma dari awal yang biasanya tidak ada masalah dibuat jadi masalah oleh pihak keamanan sepertinya ini org rekrutan baru jadi dari awal sudah merendahkan saya katakan saya benar-benar ngopi kan y padahal tinggal kontak saja melalui ht ke lobby atau tanya pihak pelayanan hotel mereka sudah mengenal saya kok saat sudah selesai dan keluar itu pihak keamanan di pintu keluar nanyakan bon hah baru-baru ini saya direndahkan seperti ini keamanan gempal orgnya semoga patra jasa meninjau kembali kinerja ini sayang org 1 org bernya,BUMN,Bintang 3,PatraJakarta,negative,Harga & Value for Money
farel,2025,5,sangat ramah pelayanan nya bersih dll,BUMN,Bintang 3,PatraJakarta,positive,Pelayanan Staf & Keramahan
Wahyu Gustian,2025,3,tempat tidak terlalu ketat penjagaan keamanan tidak ada kemanan yang bagus jadi terlalu berbahaya,BUMN,Bintang 3,PatraJakarta,negative,Harga & Value for Money
jonizar isko,2025,5,suasana aman nyaman tarif bersahabat posisi yang amat strategis,BUMN,Bintang 3,PatraJakarta,positive,Lokasi & Akses Strategis
nena diana,2025,5,bagus pelayanan oke puas sukses selalu buat patra,BUMN,Bintang 3,PatraJakarta,positive,Kualitas Makanan & Restoran
Dimas Oktora,2025,5,pelayanan prima terbaik cepat dan tepat,BUMN,Bintang 3,PatraJakarta,positive,Harga & Value for Money
Muhammad praditya,2025,5,Sejujurnya lokasi nya bagus deket mana mana mana dan banyak akses ke berbagai tempat dan bisa juga sebelah nya kerumah sakit pertamina tapi saran saya kalau bisa lebih dikembangkan lagi dan dirawat karena lumayan kalau bisa di upgrade seperti menambah fasilitas gym dan toilet nya dibikin lebih modern,BUMN,Bintang 3,PatraJakarta,positive,Lokasi & Akses Strategis
Ilham Gunasyah,2025,5,tempatnya nyaman dan lokasinya strategis,BUMN,Bintang 3,PatraJakarta,positive,Lokasi & Akses Strategis
Tika 888,2025,3,sarapan bervariasiinya kurang banyak kmrnya tidak ada yang ada double bed karpet dikmr butuh diganti krna sudah burik lokasi strategis enak cari makan diluar,BUMN,Bintang 3,PatraJakarta,positive,Lokasi & Akses Strategis
rahadian bayu,2025,5,cek masuk layanan sangat cepat dan sederhana tidak berbelit sarapan layanan sangat responsif puas menginap di sini terima kasih untuk tim patra jakarta,BUMN,Bintang 3,PatraJakarta,positive,Pelayanan Staf & Keramahan
Kristario Septian,2024,5,meskipun hotel lama tapi kamar di dalamnya sangat bersih dan terjaga lalu meskipun di dekat jalan tol terdengar cukup kedap dan tidak bisimg ketika berada di dalam kamar staf ramah dan tentu saja harga sangat terjangkau,BUMN,Bintang 3,PatraJakarta,positive,Kebersihan & Kenyamanan Kamar
vidia vilaili,2020,4,petugas ramah kamar standar bersih semua berfungsi baik ac dingin dan wifi terhubung hanya kamar mandi agak sempit kolam renang bersih cukup memadai untuk anak2 sayangnya banyak nyamuk pada malam hari bahkan sampai di dalam kamar kelebihannya di setiap kamar disediakan sajadah bersih dan 1 ekstra bantal keseluruhan cukup memuaskan,BUMN,Bintang 3,PatraJakarta,positive,Kebersihan & Kenyamanan Kamar
Yulius Iyus,2025,5,walau sudah agak kusam tapi tetap nyaman,BUMN,Bintang 3,PatraJakarta,positive,Kebersihan & Kenyamanan Kamar
Suwarta Djanoarta,2020,4,tempat parkir luas menu makanannya enak terutama makanan tradisional baik makan sarapan maupun makan siang kamar standar namun terkesan kamar lama layana laundry cukup oke dan harga tidak mahal ruang pertemuan banyak fasilitas kolam renang gym tenis lapangan dan atm ada,BUMN,Bintang 3,PatraJakarta,positive,Kebersihan & Kenyamanan Kamar
Trisya Ekat,2025,5,Layanan oke banget makanannya enak puol lokasi strategis dekat tol dan depannya ada berhenti transjakartaa,BUMN,Bintang 3,PatraJakarta,positive,Lokasi & Akses Strategis
Arinda Ninggar,2025,5,pelayanan yang sangat memuaskan,BUMN,Bintang 3,PatraJakarta,positive,Harga & Value for Money
M.Hashfi Shidqi,2025,5,hotel dengan lokasi strategis di jakarta fasilitas baik,BUMN,Bintang 3,PatraJakarta,positive,Lokasi & Akses Strategis
Iman Prabawa,2022,5,Hotel ini dulu namanya patra jasa dan dulu ada kolam renangnya di sini yang mana orang bisa berenang bukan hanya untuk penghuni hotelnya ngga tahu deh kalau sekarang masih ada dan bisa membuat umum ngga letaknya berafa di sebelah rumah sakit dan juga di sebelahnya terdapat bank mandiri cabang kcp jakarta ahmad yani,BUMN,Bintang 3,PatraJakarta,positive,Fasilitas Hotel (Kolam/Gym/Spa)
Gumadi Mulya,2025,5,Apakah bisa jika hanya berenang saja untuk biayanya berapa lama lalu kedalaman kolamnya berapa meter,BUMN,Bintang 3,PatraJakarta,negative,Harga & Value for Money
daniel manurung,2019,5,tadinya ngira ini hotel jadul tua gitu taunya bagus juga dalamnya kasur nyaman ac bagus sarapan mayan enak meski pilihan terbatas restorannya keren banget interior design dan pilihan furnitur rustikanya ada kolam renang juga yang agak aneh pilihan pintu masuk depannya membingungkan karena jatuh spot dari mobil itu ke depan ballroom bukan resepsionis jadi agak bingung,BUMN,Bintang 3,PatraJakarta,positive,Fasilitas Hotel (Kolam/Gym/Spa)
edi supriyanto,2020,3,pelatihan 2 hari disini ini merupakan hotel lama parkir luas cuma memang tidak bisa menginap di sini karana sudah penuh dipesan makanan yang disediakan juga enak tpi varian menu nya kurang lengkap ac dingin,BUMN,Bintang 3,PatraJakarta,positive,Kualitas Makanan & Restoran
Adytya Wisnu Wardhana,2024,5,hotel yang nyaman makanannya enak terdapat lapangan olahraga kolam renang dan tempat gym 2 minggu dipatra ikut training menu makannya sangat bervariasi dan enak,BUMN,Bintang 3,PatraJakarta,positive,Fasilitas Hotel (Kolam/Gym/Spa)
akang Ugi,2023,4,di hotel patra hanya mengikuti pelatihan dari luar hotelnya sangat bagus dan banyak ruangan untuk pertemuan dari segi fasilitas pertemuan sangat bagus namun yang perlu di tingkatkan adalah soal menu makanan dan rasa nya saat makan siang malah kehabisan salah satu menu makan dan rasa kue kue nya kurang terasa semoga lebih baik lagi,BUMN,Bintang 3,PatraJakarta,positive,Kualitas Makanan & Restoran
Bayu Adjie,2022,4,datang ketempat ini dua kali untuk vaksinasi anti covid 19 bangunannya cukup tua secara umum keadaannya cukup bersih dan terawat ada kolam renang yang cukup luas,BUMN,Bintang 3,PatraJakarta,positive,Kebersihan & Kenyamanan Kamar
Supriyoto Patra,2022,5,tempat yang aman dan nyaman untuk penginapan dan berkegiatan seperti pertemuan rekreasi restoran ada kolam renang tenis kort bulu tangkis meja tenis dan gym dengan sepenuh hati dalam pelayanan yang ramah dan berpengalaman pokoknya tidan mengecewakan,BUMN,Bintang 3,PatraJakarta,positive,Fasilitas Hotel (Kolam/Gym/Spa)
Hani Haerunnisa,2025,5,makanannya enak untuk pelayanannya juga oke,BUMN,Bintang 3,PatraJakarta,positive,Kualitas Makanan & Restoran
Indra,2018,1,Restoranannya sekarang bagus tapi cara penyajian cemilan saat acara kursus jauh dari hotel standar bahkan warungpun tidak seperti itu cemilan yang disajikan sama sekali tidak dilengkapi dengan sendok atau garpu untuk mengambil cemilan bahkan mengambil kacangpun harus menggunakan tangan tidak menggunakan sendok toilet tempat kursus membelakangi kiblat yang pada umumnya kontraktor atau setiap orang sudah paham masalah ini,BUMN,Bintang 3,PatraJakarta,negative,Kualitas Makanan & Restoran
Hamdani Febrian,2021,4,jauh lebih baik dari patra jasa jaman dulu lebih hijau dan rapi fasilitas bersih tapi memang bangunan dan kesan vintage masih ada kolamnya bagus fasilitas lumayan lengkap o iya untuk sholat jumat tinggal ke rumah sakit pertamina jaya di sebelahnya,BUMN,Bintang 3,PatraJakarta,positive,Pelayanan Staf & Keramahan
Nugroho Saputro,2024,4,sebenarnya lahan kecil lho tapi cukup megah sebenarnya tersedia parkir di samping gedung baik untuk mobil maupun motor terdapat atm pelayanan dari tenaga staf perhotelan ramah dan hangat yang mungkin masih menjadi bagian dari bumn anak perusahaan pertamina kebersihan dan kerapihan sangat terjaga begitu pula estetikanya tersedia kolam renang,BUMN,Bintang 3,PatraJakarta,positive,Fasilitas Hotel (Kolam/Gym/Spa)
Arwin Nugraha,2023,5,untuk harga hotel bintang 3 di jakarta fasilitas yang diberikan cukup lengkap area kolam renang cafe sangat nyaman makanannya enak,BUMN,Bintang 3,PatraJakarta,positive,Kualitas Makanan & Restoran
Sherif Yo,2025,5,disini hanya untuk main tenis lapangan baru lumayan hanya ada beberapa yang licin,BUMN,Bintang 3,PatraJakarta,positive,Harga & Value for Money
Iman Sulaeman Firdaus,2025,5,nyaman dan di pusat kota hotel punya pertamina,BUMN,Bintang 3,PatraJakarta,positive,Lokasi & Akses Strategis
Hasan Hariri,2023,5,Saya tidak menginap di patra hanya kunjungan dinas jika pengalaman saya sih terkait makanan saja enak terima kasih koki hotel patra jakarta ingat bagi pelanggan jangan mubazir makanan ambil seperlunya saja,BUMN,Bintang 3,PatraJakarta,positive,Kualitas Makanan & Restoran
breng breng ethes,2020,5,hotelnya bagus kamar bagus harga masuk d kantong makanannya enak mungkin perlu di kucing ulang tembok luarnya biar kliatan cantik n bagus lagi teruskan,BUMN,Bintang 3,PatraJakarta,positive,Kualitas Makanan & Restoran
Taufik Awadi,2025,5,layanan memuaskan,BUMN,Bintang 3,PatraJakarta,positive,Harga & Value for Money
Fathur Rahman,2025,5,kamar sangat bagus,BUMN,Bintang 3,PatraJakarta,positive,Kebersihan & Kenyamanan Kamar
Zoeghi Yanto,2019,5,wifi kencang pakai wifi id kamar bersih nyaman menu sarapan juga bermacam macam ada kolam renang dekat rs pertamina dan gedung gudang garam,BUMN,Bintang 3,PatraJakarta,positive,Kebersihan & Kenyamanan Kamar
Muhammad Fikri Fauzi,2020,4,dulu tahu hotel ini nama nya patra jasa hotel skrng berubah nama hotelnya lumayan bagus lokasi strategis dekat dengan berhenti busway cempaka putih dekat dengan mall itc cempaka mas dan dekat dengan pusat kuliner taman solo hotel lumayan bagus bersih tenang dan nyaman,BUMN,Bintang 3,PatraJakarta,positive,Lokasi & Akses Strategis
Hifni Irapati,2020,4,kalau dari bandara soeta naik bus ppd tujuan cempaka mas kurang lebih 35 menit 35 rb jalan kaki lewat langit jembatan ke henti cempaka mas naik trans jakarta koridor 10 turun dipemberhentian pertama cempaka putih jalan sedikit menuju hotel,BUMN,Bintang 3,PatraJakarta,neutral,Harga & Value for Money
Efvita Efvita,2018,3,hotel patra jasa cempaka putih berlokasi di pinggir jalan raya lokasinya strategis bangunannya merupakan bangunan lama berlantai 4 ada kolam renangnya dan ruangan tempat makanannya lumayan unik bisa duduk di kamar di pinggir kolam renang ada juga lapangan tenisnya untuk sarapan pagi lumayan enak rasa makanannya secara hotelnya cocok untuk menginap dengan keluarga dan tarifnya masih standar,BUMN,Bintang 3,PatraJakarta,positive,Lokasi & Akses Strategis
ganesh dwiputra,2025,4,mantap walaupun hotel jadul tapi kadang pelayanan nya suka lama,BUMN,Bintang 3,PatraJakarta,positive,Harga & Value for Money
Little Acan,2020,3,hotel yang tidak kaya hotel banyak bekas bocor dinding kertasnya dah mletek merasa hotel tua saja harga 900 1 5 jt padahal lokasi strategis banget kalau dibenerin mah oke banget nih hotel super sayang,BUMN,Bintang 3,PatraJakarta,positive,Lokasi & Akses Strategis
Saskia Fatimatuzzahara,2023,5,menginap disini budget nya aman di kantong banget lokasinya deket kampus f trisaksi tempat nya nyaman bisa ngadain acara juga kamar nya nyaman,BUMN,Bintang 3,PatraJakarta,positive,Lokasi & Akses Strategis
Djoko Angklung Nugroho,2020,4,Sekarang namanya patra comfort memang lebih baik dari sebelumnya sudah banyak perubahan dari sisi fisik gedung dan pelayanan semoga bisa terus bertambah baik hanya menu tom yam favorit saya tidak ada lagi padahal sangat enak,BUMN,Bintang 3,PatraJakarta,positive,Kebersihan & Kenyamanan Kamar
Partogi Simanjuntak,2020,2,kegiatan sudah selesai tim sudah cek keluar tapi kenapa faktur tidak langsung jadi ya umumnya kegiatan sudah cek keluar ya faktur terbit aneh ini ada ya hotel yang tidak mau dibayar langsung hhm,BUMN,Bintang 3,PatraJakarta,negative,Harga & Value for Money
Gabriel Gonzales,2025,5,makanannya enak kamarnyq nyaman dan pelayananya sangat ramah,BUMN,Bintang 3,PatraJakarta,positive,Kebersihan & Kenyamanan Kamar
Putra Rachmattullah,2020,5,penginapan dekat dengan pusat kota dengan fasilitas restoran ruang function kolam renang sampir hotel terdapat rs pertamina harga hotel permalam kompetitif parkir yang cukup luas pelayanan yang ramah,BUMN,Bintang 3,PatraJakarta,positive,Fasilitas Hotel (Kolam/Gym/Spa)
Bayan Gendut,2020,1,tempatnya nyaman bersiih suasananya jg jalan nyaman buat santay istirahat ngak rugi deh kalo nginep d sini harga terjangkau,BUMN,Bintang 3,PatraJakarta,positive,Harga & Value for Money
kuwat riyanto,2020,4,tempat tengah kota dekat tol perlu diperhatikan untuk nopol karena masuk jalur ganjil genap kamar luas toilet bersih kuep,BUMN,Bintang 3,PatraJakarta,positive,Kebersihan & Kenyamanan Kamar
Marcellyna Manurung,2018,5,Hotel patra jasa sangat memuaskan untuk tempat menginap semua pelayanan dan pegawai2 nya sangat ramah dan bersahabat untuk sarapan pagi juga sangat memuaskan dan saya ingin menginap lagi di patra jasa bila ke jkt,BUMN,Bintang 3,PatraJakarta,positive,Pelayanan Staf & Keramahan
Both of crumphychoco Adventure,2023,5,cocok untuk pesta kecil kesan intim dan berbaur dengan tamu bisa didapat gedung baru dengan desain yang nyaman,BUMN,Bintang 3,PatraJakarta,positive,Kebersihan & Kenyamanan Kamar
Muhammad Fikri Fauzi,2020,4,hotel yang sangat strategis dekat dengan transmart itc cempaka mas dan pusat kuliner taman solo dan berhenti busway cempaka putih kebersihan dan pelayanan sangat baik,BUMN,Bintang 3,PatraJakarta,positive,Lokasi & Akses Strategis
bagus septa,2020,5,satu bulan menginap di sini pelayanan ramah baik dari resepsionis restoran housekeeping maupun cuci pakaian secara keseluruhan bagus sukses terus patra kenyamanan jakarta,BUMN,Bintang 3,PatraJakarta,positive,Pelayanan Staf & Keramahan
Taufik Hidayat,2024,3,Hotel lumayan cukup tua acara halal bilahal keluarga daging rendang keras,BUMN,Bintang 3,PatraJakarta,positive,Kualitas Makanan & Restoran
Acho B1204CHO,2018,4,hotel yang letaknya strategis karena berada di jalan raya achmad yani cempaka putih jakarta pusat ruangnya nyaman dan juga bersih pelayanan staf juga ramah dan bersahabat,BUMN,Bintang 3,PatraJakarta,positive,Kebersihan & Kenyamanan Kamar
Bonang Alfath kurniawan,2023,5,Mba petugasnya ramah 2 jam sarapan sudah selesai tapi masih diperbolehkan saya n anak2,BUMN,Bintang 3,PatraJakarta,positive,Pelayanan Staf & Keramahan
Kardi Manungkalit,2024,4,menyediakan fasilitas olahraga seperti gym laangan tenis dan kolam tenang,BUMN,Bintang 3,PatraJakarta,positive,Fasilitas Hotel (Kolam/Gym/Spa)
MYusron,2020,5,tempat nongkrong buat kopdar oke juga parkir luas ada kolam renangnya juga cuma minus jajanan tapi rekomendasi buat ketemuan,BUMN,Bintang 3,PatraJakarta,positive,Fasilitas Hotel (Kolam/Gym/Spa)
Yusuf Firmansyah,2025,5,Sangat mantap ges,BUMN,Bintang 3,PatraJakarta,positive,Harga & Value for Money
Dkn,2019,4,hotelnya sudah tua kayaknya ruangannya tidak begitu kedap suara ada kolam renang dan tempat kebugaran ala ala,BUMN,Bintang 3,PatraJakarta,positive,Fasilitas Hotel (Kolam/Gym/Spa)
Maman Suryaman,2018,5,sangat menyenangkan dan karyawannya ramah2 makanannya enak apalagi menu sarapan tidak kalah sama hotel bintang 5,BUMN,Bintang 3,PatraJakarta,positive,Pelayanan Staf & Keramahan
Decki Arvinantyo,2019,4,lumayan sesuai hargalah tapi kamar kurang kedap suara suara mobil di tol masuk ke kamar,BUMN,Bintang 3,PatraJakarta,negative,Harga & Value for Money
Alif Anandika,2019,5,kurang tau kamarnya tapi aulanya yang samping kolam renang dan taman cukup memuaskanlah untuk acara pertunangan sepupu,BUMN,Bintang 3,PatraJakarta,positive,Fasilitas Hotel (Kolam/Gym/Spa)
Fajrul Munif,2019,4,fasilitas lengkap dan kamar nya nyaman masakan nya juga enak cuman tempat gym nya menurut saya kurang,BUMN,Bintang 3,PatraJakarta,positive,Kebersihan & Kenyamanan Kamar
Oejang Soeparman,2019,5,suasananya lumayan nyaman dengan pbginapan yang relatif terjangkau d sertai pantai yang lumayan bagus untuk kiburan bersma kluarga,BUMN,Bintang 3,PatraJakarta,positive,Harga & Value for Money
Imam mahdi,2023,1,mau cek masuk saja sudah kamar penuh seharusnya di depan kasih peringatan klo kamar hotel penuh,BUMN,Bintang 3,PatraJakarta,negative,Lokasi & Akses Strategis
Zumar Hasan,2025,5,disini waktu dinas dari kantor secara keseluruhan oke di kelasnya,BUMN,Bintang 3,PatraJakarta,positive,Harga & Value for Money
Yoga Febrian,2020,4,Parkiran cukup luas tidak ada ruang bawah tanah gedung hotel bersebelahan dengan rs pertamina,BUMN,Bintang 3,PatraJakarta,positive,Infrastruktur (AC/WiFi/Parkir/Air)
Ruslan Ibrahim,2019,5,Sangat menyenangkan dan sangat cocok untuk tempat istirahat dan aktivitas bisnis dekat dengan pusat bisnis seperti kelapa gading,BUMN,Bintang 3,PatraJakarta,positive,Lokasi & Akses Strategis
Amalia Syafitri,2019,5,bersih nyaman di depannya terdapat halte busway jadi cukup mudah dijangkau jika menggunakan transportasi umum,BUMN,Bintang 3,PatraJakarta,positive,Kebersihan & Kenyamanan Kamar
"UMARDHANI, S.T",2023,4,termasuk hotel lama di Jakarta tapi lumayan untuk mampir di ruang pertemuan juga,BUMN,Bintang 3,PatraJakarta,positive,Lokasi & Akses Strategis
gatot irfan,2025,5,lokasi bagus dan enak makanannya,BUMN,Bintang 3,PatraJakarta,positive,Kualitas Makanan & Restoran
Mieke Wijaya,2021,5,Hotel murahh eiimm gara2 disini jadi suka hotel patra telor setengah matangnya bikin saya jatuh cinta mpe menambah saya ha ha ha,BUMN,Bintang 3,PatraJakarta,positive,Harga & Value for Money
Batara Husaini,2025,5,Alhamdulillah lumayan bagus untuk tempat latihan,BUMN,Bintang 3,PatraJakarta,positive,Fasilitas Hotel (Kolam/Gym/Spa)
FKRY FTRDYN,2020,4,belum pernah ke dalemnya ke sini cuma buat naik grab karena turun dari transjakarta ddaann ke atm mandiri,BUMN,Bintang 3,PatraJakarta,neutral,Lokasi & Akses Strategis
dedy Syarifuddin (Dedy Ojenk),2021,5,Hotel yang lumayan baik khususnya jika ada kebutuhan ke rspj dan grosir cempaka mas,BUMN,Bintang 3,PatraJakarta,positive,Pelayanan Staf & Keramahan
Wendy Ferdian Saputra,2019,3,menginap disini karena ada pelatihan hse pelayanannya ramah hanya logo hotel tidak terlihat dari luar,BUMN,Bintang 3,PatraJakarta,positive,Pelayanan Staf & Keramahan
Indra Putra,2025,5,nyaman tenang bersih,BUMN,Bintang 3,PatraJakarta,positive,Kebersihan & Kenyamanan Kamar
Linggar Dewana,2020,4,Untuk penggunaan istri jika bisa untuk tamu hotel tidak perlu dengan kata sandi lagi,BUMN,Bintang 3,PatraJakarta,neutral,Harga & Value for Money
Catur D. Prasetiyo,2025,4,Kembali ke sini untuk melatih maii,BUMN,Bintang 3,PatraJakarta,neutral,Harga & Value for Money
Ahmad Zaki Sajidan Rahman,2025,5,mentap,BUMN,Bintang 3,PatraJakarta,neutral,Harga & Value for Money
Budhi Tresnajaya,2021,4,strategis tol dalam kota sangat dekat dekat pusat perbelanjaan akses mudah parkir luas,BUMN,Bintang 3,PatraJakarta,positive,Lokasi & Akses Strategis
Vero Nafian,2022,5,Ke patra kenyamanan hanya untuk vaksinasi covid 19 selebihnya mungkin hotel penginapan,BUMN,Bintang 3,PatraJakarta,neutral,Kebersihan & Kenyamanan Kamar
Digdo Listyadi Setyawan,2020,4,dulu namanya hotel patra jasa sering ke sini karena ikut pembinaan olimpiade matematika imso ada masjidnya,BUMN,Bintang 3,PatraJakarta,positive,Pelayanan Staf & Keramahan
R Kustinah Wira Sendjaya,2020,5,hotel bintang3 namun nyaman n murah untuk menginap semalam atw 2 malam bersih parkir luas,BUMN,Bintang 3,PatraJakarta,positive,Harga & Value for Money
Daffa Maulana,2025,5,lokasi strategis,BUMN,Bintang 3,PatraJakarta,positive,Lokasi & Akses Strategis
Rustam Efendi,2019,4,hotel lumayan bagus di jakarta timur yang dekat dengan pusat perbelanjaan transmart dan rumah sakit pertamina jaya,BUMN,Bintang 3,PatraJakarta,positive,Lokasi & Akses Strategis
Ayi Oktra M,2021,5,hotel yang sangat bagus karyawan profesional makanan restonya enak,BUMN,Bintang 3,PatraJakarta,positive,Kualitas Makanan & Restoran
Andrika Lestari,2018,4,Pelayanan tempat baru boleh lah ngga mengecewakan nginap semalam disini,BUMN,Bintang 3,PatraJakarta,positive,Kebersihan & Kenyamanan Kamar
rezalaksono (rezalaksono),2019,2,Suara sinyal dikasih wifi lantai satu depan lift kamar 108 suara sinyal wifi mohon diperkuat,BUMN,Bintang 3,PatraJakarta,neutral,Infrastruktur (AC/WiFi/Parkir/Air)
tulus black,2024,5,makanan nya enak suasana oke kebersihan oke,BUMN,Bintang 3,PatraJakarta,positive,Kualitas Makanan & Restoran
Ahmad Nurmansyah,2020,5,bersih dan pelayanan mantapp deket rumah sakit juga pula dan persis didepan berhenti busway,BUMN,Bintang 3,PatraJakarta,positive,Kebersihan & Kenyamanan Kamar
ANDRE BUDI,2025,5,bagus dan ramah,BUMN,Bintang 3,PatraJakarta,positive,Harga & Value for Money
Ibrahim Kamil,2019,4,Musholla di dalam hotel dekat busway berhenti dekat mall Itc Cempaka mas mudah untuk menemukan kuliner,BUMN,Bintang 3,PatraJakarta,positive,Lokasi & Akses Strategis
febri prasetiyanto,2020,4,dekat dengan kegiatan pelatihan fasilitas lumayan bagus tingkatkan pelayannya terima kasih,BUMN,Bintang 3,PatraJakarta,positive,Harga & Value for Money
D Channel,2020,5,staf hotel yang baik nya ramah dan kamarnua bersih,BUMN,Bintang 3,PatraJakarta,positive,Kebersihan & Kenyamanan Kamar
Putut Hadi Prayitno,2020,4,staf ramah daerah bersih makanan enak cmn asesoris dinding sudah digunakan,BUMN,Bintang 3,PatraJakarta,positive,Pelayanan Staf & Keramahan
Yudi Bachtiar,2018,5,lokasi strategis mudah dicari parkir luas suasananya santai dan nyaman,BUMN,Bintang 3,PatraJakarta,positive,Lokasi & Akses Strategis
Supratini Titin,2025,5,stafnya cekatan dan membantu,BUMN,Bintang 3,PatraJakarta,positive,Harga & Value for Money
Acep Tohir,2019,4,kamar nyaman dan bersih pelayanan bagus makanan enak,BUMN,Bintang 3,PatraJakarta,positive,Kebersihan & Kenyamanan Kamar
Rian Rafliyan,2022,5,layanan vaksininnya sangat membantu masyarakat luar daerah,BUMN,Bintang 3,PatraJakarta,positive,Harga & Value for Money
M. Febrianto,2020,3,Di lobi nya byk nyamuk hotelnya kurang perawatan,BUMN,Bintang 3,PatraJakarta,negative,Fasilitas Hotel (Kolam/Gym/Spa)
Torro Steward,2018,5,tempat menginap dan pertemuan terbaik dengan pelayanan yang sangat ramah,BUMN,Bintang 3,PatraJakarta,positive,Pelayanan Staf & Keramahan
theresia ervi,2024,5,tenang banget walau pinggir jalan raya servis servis bagus,BUMN,Bintang 3,PatraJakarta,positive,Lokasi & Akses Strategis
Deni Mulyadi Studios,2019,4,parkir mobil luas mau booking penuh oleh yang training perusahaan,BUMN,Bintang 3,PatraJakarta,neutral,Infrastruktur (AC/WiFi/Parkir/Air)
Kholim Louser,2025,5,tempatnya enak,BUMN,Bintang 3,PatraJakarta,positive,Kualitas Makanan & Restoran
Nana Supriatna,2018,5,Pelayanan nya bagus sekali tempatnya nyaman dan bersih saya sangat suka,BUMN,Bintang 3,PatraJakarta,positive,Kebersihan & Kenyamanan Kamar
susila yasa,2019,4,Lokasi bagus dipinggir jalan utama tapi tidak bisa ke arah kuliner agak jauh,BUMN,Bintang 3,PatraJakarta,negative,Lokasi & Akses Strategis
Fladimir Chano,2020,4,rasa 8 5 harga 8 tempat 8 nyaman pelayana 7 5 ramah,BUMN,Bintang 3,PatraJakarta,positive,Kualitas Makanan & Restoran
Ainur Rofik,2019,4,kolam renang yang bagus musholla perlu dibuat lebih bersih,BUMN,Bintang 3,PatraJakarta,positive,Fasilitas Hotel (Kolam/Gym/Spa)
ivan havosan,2023,5,Kamar butuh renovasi tapi makanannya yang terbaik,BUMN,Bintang 3,PatraJakarta,positive,Kualitas Makanan & Restoran
sofyan maulana,2025,5,hotelnya bagus dan nyaman,BUMN,Bintang 3,PatraJakarta,positive,Kebersihan & Kenyamanan Kamar
Heldiano Ardhi,2018,4,staf ramah nyaman makanan enak butuh renovasi sudah terlihat kamu,BUMN,Bintang 3,PatraJakarta,positive,Kebersihan & Kenyamanan Kamar
resman 08,2025,4,strategis dpnnya hentikan transjakarta,BUMN,Bintang 3,PatraJakarta,neutral,Lokasi & Akses Strategis
Nanditoo,2024,5,lokasi hotel yang strategis dan nyaman,BUMN,Bintang 3,PatraJakarta,positive,Lokasi & Akses Strategis
Wendi Ferdiansyah,2025,5,nyaman,BUMN,Bintang 3,PatraJakarta,positive,Kebersihan & Kenyamanan Kamar
Joshua Dedy Yulianto,2025,4,lumayan pelayanan layanan baru,BUMN,Bintang 3,PatraJakarta,negative,Harga & Value for Money
gusti agung ngurah ardika,2024,5,Kami hanya latihan ruang latihan oke,BUMN,Bintang 3,PatraJakarta,neutral,Fasilitas Hotel (Kolam/Gym/Spa)
Donald Binsar,2020,3,posisi hotel di pinggir tol cawang priuk bangunan sudah agak tua,BUMN,Bintang 3,PatraJakarta,positive,Harga & Value for Money
Agus Nia,2019,4,Tempat yang bagus di luarnya bagus untuk acara taman pesta,BUMN,Bintang 3,PatraJakarta,positive,Lokasi & Akses Strategis
Wijayanto Soeyadi,2020,4,tempat pertemuan yang strategis relatif nyaman,BUMN,Bintang 3,PatraJakarta,positive,Lokasi & Akses Strategis
Agus Slamet,2024,5,untuk kelas yang sama relatif nyaman untuk saya,BUMN,Bintang 3,PatraJakarta,positive,Harga & Value for Money
Haryono harry,2025,5,sumpah cuma numpang ngopi di taman,BUMN,Bintang 3,PatraJakarta,negative,Harga & Value for Money
MeyMey ChantikaSuryani,2018,5,tempat nya nyaman dan aman pelayanan nya pun ramah dan sopan,BUMN,Bintang 3,PatraJakarta,positive,Kebersihan & Kenyamanan Kamar
Aplena Sukan,2020,3,kamar nyaman makanan enak tetapi pelayanan agak kurang,BUMN,Bintang 3,PatraJakarta,positive,Kebersihan & Kenyamanan Kamar
Enos Kamban,2024,5,Ya cukuplah buat tempat istirahat,BUMN,Bintang 3,PatraJakarta,positive,Harga & Value for Money
muhammad idham jabbar,2019,5,pelayanan hotel terbaik di kelasnya dan untuk area cempaka putih,BUMN,Bintang 3,PatraJakarta,positive,Lokasi & Akses Strategis
Jihan,2019,5,hotel yang bagus kebersihan trjaga karyawannya ramah2,BUMN,Bintang 3,PatraJakarta,positive,Pelayanan Staf & Keramahan
Ali,2019,4,hotel kecil yang bagus nyaman dan lokasi yang strategis cocok untuk tikus,BUMN,Bintang 3,PatraJakarta,positive,Lokasi & Akses Strategis
Ronald Onald,2018,5,keren jadi kalau ada org sekarat sebelahnya rumah sakit,BUMN,Bintang 3,PatraJakarta,negative,Lokasi & Akses Strategis
Faisal Abdullah,2019,5,Perpaduab ruang terbuka dengan ruang serba guna dengan tema industrialis,BUMN,Bintang 3,PatraJakarta,neutral,Lokasi & Akses Strategis
Mrs. Grey,2020,5,hotelnya bangunan lama tapi lumayan bagus,BUMN,Bintang 3,PatraJakarta,positive,Lokasi & Akses Strategis
Jalan Si Bolang,2020,4,Setiap acara perusahaan kami selalu di adakan di hotel ini,BUMN,Bintang 3,PatraJakarta,positive,Harga & Value for Money
sandy maulana amir,2022,3,bisa nerima ank pkl juriusan tata boga tidak,BUMN,Bintang 3,PatraJakarta,neutral,Harga & Value for Money
Xiao yi Mi,2019,4,boleh tanpa surat nikah saat malam lebaran ini unch banget,BUMN,Bintang 3,PatraJakarta,neutral,Harga & Value for Money
Sulistyo Fajar Nugroho,2019,1,Pelayanan kurang bagus ruang pertemuan terlalu berkurang,BUMN,Bintang 3,PatraJakarta,negative,Harga & Value for Money
alfian abiantoro,2018,5,patra comfort merupakan sebuah akomodasi penginapan yang merupakan anak perusahaan dari pt pertamina,BUMN,Bintang 3,PatraJakarta,neutral,Kebersihan & Kenyamanan Kamar
Imam Prastio,2019,5,Hotel jadul dengan interior jadul juga tapi bagus dan bersih kok,BUMN,Bintang 3,PatraJakarta,positive,Kebersihan & Kenyamanan Kamar
Lutfhan Priambodo,2019,4,fasilitas kamar cukup membuat nyaman,BUMN,Bintang 3,PatraJakarta,positive,Kebersihan & Kenyamanan Kamar
teguh puji handoko,2019,3,hotel lama digunakan untuk paket program pelatihan,BUMN,Bintang 3,PatraJakarta,negative,Fasilitas Hotel (Kolam/Gym/Spa)
Junior Panjaitan,2023,3,lumayanlah untuk hotel bintang 3,BUMN,Bintang 3,PatraJakarta,positive,Harga & Value for Money
eva fitri,2018,4,kalau mau ke rs pertamina kaya suka numpang parkir disini,BUMN,Bintang 3,PatraJakarta,positive,Pelayanan Staf & Keramahan
Rudi Chandra,2018,5,bersih rapi cuma wcnya saja agak bau ya,BUMN,Bintang 3,PatraJakarta,negative,Kebersihan & Kenyamanan Kamar
Ahmad Hidayat,2020,5,hotel dengan lokasi strategis dan harga kompetitif,BUMN,Bintang 3,PatraJakarta,positive,Harga & Value for Money
Rosyadi Husin,2018,5,sarapan enak kamar luas dan pelayanan sopan,BUMN,Bintang 3,PatraJakarta,positive,Kebersihan & Kenyamanan Kamar
Haris Syahiruddin,2018,5,hotel yang nyaman untuk urusan kantor maulun liburan,BUMN,Bintang 3,PatraJakarta,positive,Harga & Value for Money
Agus Aw,2019,5,kelas selama 3 bulan ini sangat berkesan,BUMN,Bintang 3,PatraJakarta,positive,Harga & Value for Money
Atik Tri lestari,2021,5,sangat strategis dan pelayanan memuaskan,BUMN,Bintang 3,PatraJakarta,positive,Lokasi & Akses Strategis
Dea Lovita,2019,4,Secara keseluruhan lumayan sarapan biasa saja kurang variatif,BUMN,Bintang 3,PatraJakarta,positive,Kualitas Makanan & Restoran
Hanna Zahara,2025,5,lokasi langganan buat rakor kantor,BUMN,Bintang 3,PatraJakarta,neutral,Lokasi & Akses Strategis
Henry D.P. Sianipar (Henry),2025,4,tempat menginap,BUMN,Bintang 3,PatraJakarta,positive,Lokasi & Akses Strategis
alfa new,2018,5,bagus dan bersih yaman pelayanan bintang 5,BUMN,Bintang 3,PatraJakarta,positive,Pelayanan Staf & Keramahan
G M Yani,2018,3,Sistem Proteksi kebakaran jalur evakuasi perlu ditingkatkan,BUMN,Bintang 3,PatraJakarta,neutral,Lokasi & Akses Strategis
saiman partowirejo,2025,5,bersih dan nyaman,BUMN,Bintang 3,PatraJakarta,positive,Kebersihan & Kenyamanan Kamar
Agee Fonzi,2017,5,asik hotelnya walaupun minimalis tapi interiornya maksimalis,BUMN,Bintang 3,PatraJakarta,positive,Harga & Value for Money
Musa Wardani,2019,5,Hotel dengan 5 tingkat ada kolam renang juga,BUMN,Bintang 3,PatraJakarta,positive,Fasilitas Hotel (Kolam/Gym/Spa)
Gibranalli Rachman,2019,5,terlihat lebih segar setelah renovasi,BUMN,Bintang 3,PatraJakarta,positive,Harga & Value for Money
Nayafabira Channel,2018,5,tempat kumpul dan reunian yang menyenangkan bersama teman,BUMN,Bintang 3,PatraJakarta,positive,Harga & Value for Money
Geo Aizet,2019,3,cocok buat tempat pertemuan atau pelatihan,BUMN,Bintang 3,PatraJakarta,positive,Lokasi & Akses Strategis
Way Nonong,2019,4,ruang latihannya bagus menu nya lumayan,BUMN,Bintang 3,PatraJakarta,positive,Kualitas Makanan & Restoran
Khalil Rahman,2024,5,parkiran luas nyaman,BUMN,Bintang 3,PatraJakarta,positive,Kebersihan & Kenyamanan Kamar
Budiman,2017,3,hotel lama tapi masih nyaman,BUMN,Bintang 3,PatraJakarta,positive,Kebersihan & Kenyamanan Kamar
Ari Abu Iqlima,2020,5,Gangnya agak kecil awas jangan sampai kelewat,BUMN,Bintang 3,PatraJakarta,neutral,Lokasi & Akses Strategis
Ahmad Yani,2021,5,Pernah tak pernah disini tahun 2007,BUMN,Bintang 3,PatraJakarta,neutral,Harga & Value for Money
farida zulfa,2022,4,bersih rapi karyawannya juga ramah,BUMN,Bintang 3,PatraJakarta,positive,Pelayanan Staf & Keramahan
Muhamad Bayu Saputra,2018,5,Hotel lama makanannya yang terbaik,BUMN,Bintang 3,PatraJakarta,positive,Kualitas Makanan & Restoran
Riyoko,2021,5,patra jasa punya daerah cempaka putih bersebelahan dengan petramedika,BUMN,Bintang 3,PatraJakarta,neutral,Pelayanan Staf & Keramahan
Shafwan Faris,2022,5,ramah pelayanannya dan bersih tempatnya,BUMN,Bintang 3,PatraJakarta,positive,Kebersihan & Kenyamanan Kamar
Hery Diar,2025,5,bagus enak,BUMN,Bintang 3,PatraJakarta,positive,Harga & Value for Money
mandaraka 74,2022,4,nyaman tempatnya,BUMN,Bintang 3,PatraJakarta,positive,Kebersihan & Kenyamanan Kamar
nasrun bodong,2022,5,tempat yang nyaman dan bersih,BUMN,Bintang 3,PatraJakarta,positive,Kebersihan & Kenyamanan Kamar
A Syafri Syam,2019,4,hotel lama tapi nyaman,BUMN,Bintang 3,PatraJakarta,positive,Kebersihan & Kenyamanan Kamar
Yohanes Sampurno,2019,4,Cukup untuk beristirahat menghilangkan lelah,BUMN,Bintang 3,PatraJakarta,positive,Harga & Value for Money
Taufik Hidayat,2020,4,hotel ini sering dipakai untuk pelatihan,BUMN,Bintang 3,PatraJakarta,neutral,Fasilitas Hotel (Kolam/Gym/Spa)
Alatif Rizki,2022,5,mudah dijangkau tidak antri dan nyaman,BUMN,Bintang 3,PatraJakarta,positive,Harga & Value for Money
Yosias Prayitno,2018,3,Promosi pesta bancakan baik-baik saja,BUMN,Bintang 3,PatraJakarta,positive,Kualitas Makanan & Restoran
Samsul fajri,2020,5,Ke sini untuk ke bank mandiri bukan ke hotel wkwkw,BUMN,Bintang 3,PatraJakarta,neutral,Lokasi & Akses Strategis
Galih Wijaya,2023,5,Hotel andalan nostalgia jaman ojt hehe,BUMN,Bintang 3,PatraJakarta,positive,Lokasi & Akses Strategis
Juwarin Joe,2019,5,hotel tenang pelayannya ramah,BUMN,Bintang 3,PatraJakarta,positive,Pelayanan Staf & Keramahan
Edih Edih,2019,4,tempatnya nyaman pelayanannya memuaskan,BUMN,Bintang 3,PatraJakarta,positive,Kebersihan & Kenyamanan Kamar
Edi Kurliyanto,2020,5,tempat strategis dekat berhenti busway,BUMN,Bintang 3,PatraJakarta,positive,Lokasi & Akses Strategis
Siti Rondiyatun,2022,4,mantap memuaskan,BUMN,Bintang 3,PatraJakarta,positive,Harga & Value for Money
Essiitech Sosmed (Essii Tech),2020,5,parkir luas resto nyaman,BUMN,Bintang 3,PatraJakarta,positive,Kualitas Makanan & Restoran
3mpro Studio (3mpro),2020,5,nyaman ada musholla dan atm,BUMN,Bintang 3,PatraJakarta,positive,Kebersihan & Kenyamanan Kamar
Arfie Nugraha,2019,5,Pelayannya ramah dan mendukung sekali,BUMN,Bintang 3,PatraJakarta,positive,Pelayanan Staf & Keramahan
Elvira Eka,2019,5,Ada paket pernikahan yang bisa diambil,BUMN,Bintang 3,PatraJakarta,neutral,Harga & Value for Money
Aji Novianto,2018,5,hotel bintang 3 dengan harga terjangkau,BUMN,Bintang 3,PatraJakarta,positive,Harga & Value for Money
Zacky Abdullah,2019,3,Hotel Tua Yang direnovasi di Kota Tengah,BUMN,Bintang 3,PatraJakarta,neutral,Harga & Value for Money
Galih Puji Santoso,2018,4,layanan memuaskan tempat nyaman,BUMN,Bintang 3,PatraJakarta,positive,Kebersihan & Kenyamanan Kamar
Hanif Rrahman,2021,5,makanannya selalu enak,BUMN,Bintang 3,PatraJakarta,positive,Kualitas Makanan & Restoran
Ina,2022,3,kesini cuma buat vaksin covid,BUMN,Bintang 3,PatraJakarta,negative,Harga & Value for Money
Erny Puspa,2022,4,vaksin disini nyaman,BUMN,Bintang 3,PatraJakarta,positive,Kebersihan & Kenyamanan Kamar
Iwan Priyatna,2020,5,Cepat jawabnya cepat jika ada keluhan,BUMN,Bintang 3,PatraJakarta,positive,Harga & Value for Money
Fauzi Zakaria,2021,5,parkirannya cukup luas,BUMN,Bintang 3,PatraJakarta,positive,Infrastruktur (AC/WiFi/Parkir/Air)
Roberth Verieza,2019,4,Hotel ini lumayan,BUMN,Bintang 3,PatraJakarta,positive,Harga & Value for Money
suherman wahyu,2023,5,Pemadam pelatihan,BUMN,Bintang 3,PatraJakarta,neutral,Harga & Value for Money
Damia,2020,4,kamarnya lumayan besar,BUMN,Bintang 3,PatraJakarta,positive,Harga & Value for Money
Kamal Jaelani,2018,5,sarapan nya muntab,BUMN,Bintang 3,PatraJakarta,positive,Kualitas Makanan & Restoran
Suprianto Pku,2018,5,sangat memuaskan,BUMN,Bintang 3,PatraJakarta,positive,Harga & Value for Money
Rahmat Zaki,2023,5,Perlu update lobi interior,BUMN,Bintang 3,PatraJakarta,neutral,Lokasi & Akses Strategis
Aisyah Annisa,2023,5,nyaman bersih,BUMN,Bintang 3,PatraJakarta,positive,Kebersihan & Kenyamanan Kamar
Fathullah,2019,2,parkir susah hujan resepsi bubar,BUMN,Bintang 3,PatraJakarta,negative,Lokasi & Akses Strategis
Heru Sugiarto,2020,5,aula untuk pertemuan bagus,BUMN,Bintang 3,PatraJakarta,positive,Harga & Value for Money
Sudiman Bakri,2018,4,patra jakarta tempat yang nyaman dengan pemandangan yang indah,BUMN,Bintang 3,PatraJakarta,positive,Kebersihan & Kenyamanan Kamar
Achmad Taufik,2018,4,agak jauh cari makan di luar,BUMN,Bintang 3,PatraJakarta,positive,Harga & Value for Money
Obet Spyd,2018,4,nyaman dan teneng,BUMN,Bintang 3,PatraJakarta,positive,Harga & Value for Money
Marno Al Bahry,2021,5,lokasi strategis nyaman,BUMN,Bintang 3,PatraJakarta,positive,Kebersihan & Kenyamanan Kamar
Awie Videos,2021,5,tempatnya nyaman,BUMN,Bintang 3,PatraJakarta,positive,Kebersihan & Kenyamanan Kamar
Haris Ardianto,2018,3,mengatur kamar nyaman,BUMN,Bintang 3,PatraJakarta,positive,Kebersihan & Kenyamanan Kamar
Sarwendah Indrarani,2018,4,Cukup nyaman dan strategis,BUMN,Bintang 3,PatraJakarta,positive,Harga & Value for Money
Dedi Handoko,2020,5,Lokasi strategis bagus,BUMN,Bintang 3,PatraJakarta,positive,Harga & Value for Money
budy herawan,2021,5,bangunanmu tapi masih ada,BUMN,Bintang 3,PatraJakarta,negative,Harga & Value for Money
mas arkan,2024,5,bersih rapi,BUMN,Bintang 3,PatraJakarta,positive,Harga & Value for Money
warung Eka1,2022,5,aman dan sangat nyaman,BUMN,Bintang 3,PatraJakarta,positive,Kebersihan & Kenyamanan Kamar
Abdul Jabbar's Family,2018,5,sop buntutnya uenak,BUMN,Bintang 3,PatraJakarta,positive,Kualitas Makanan & Restoran
Hamdani Achmad,2018,5,Cukup baik tempatnya,BUMN,Bintang 3,PatraJakarta,positive,Harga & Value for Money
Isbiantoro Sigit,2019,5,ramah bersih tenang,BUMN,Bintang 3,PatraJakarta,positive,Kebersihan & Kenyamanan Kamar
Gilang GM,2021,5,pelayanannya terbaik,BUMN,Bintang 3,PatraJakarta,positive,Harga & Value for Money
Reza Ali,2018,4,tempat strategis,BUMN,Bintang 3,PatraJakarta,positive,Lokasi & Akses Strategis
sebar agro,2024,3,karena nyaman,BUMN,Bintang 3,PatraJakarta,positive,Kebersihan & Kenyamanan Kamar
Nugroho Adi,2020,4,nyaman strategis,BUMN,Bintang 3,PatraJakarta,positive,Kebersihan & Kenyamanan Kamar
Warsidi,2018,3,tempat istirahat yang nyaman,BUMN,Bintang 3,PatraJakarta,positive,Kebersihan & Kenyamanan Kamar
Yulia Retno Setyowati,2019,2,sepi,BUMN,Bintang 3,PatraJakarta,positive,Harga & Value for Money
Ade Putra,2018,5,tempatnya bagus,BUMN,Bintang 3,PatraJakarta,positive,Kualitas Makanan & Restoran
Aswin “Wiwin” Amal,2020,4,semalam di Jakarta,BUMN,Bintang 3,PatraJakarta,neutral,Harga & Value for Money
Meilani Amalia,2019,5,bagus bersih murah,BUMN,Bintang 3,PatraJakarta,positive,Harga & Value for Money
Elfans Channel,2018,5,lumayan bagus,BUMN,Bintang 3,PatraJakarta,positive,Harga & Value for Money
SAMPUR TOHIR,2020,3,banyak nyamuk,BUMN,Bintang 3,PatraJakarta,positive,Harga & Value for Money
Ajida Trion,2018,4,nyaman dan berkwalitas,BUMN,Bintang 3,PatraJakarta,positive,Harga & Value for Money
Rauf Erelka,2019,4,lumayan baik,BUMN,Bintang 3,PatraJakarta,positive,Harga & Value for Money
ARI SUBEKTI,2021,5,nyaman,BUMN,Bintang 3,PatraJakarta,positive,Kebersihan & Kenyamanan Kamar
Dion Dermawan,2022,5,banyak mobil,BUMN,Bintang 3,PatraJakarta,positive,Harga & Value for Money
Priyo Dwi Rianto,2018,4,kamtor yang nyaman dan strategis,BUMN,Bintang 3,PatraJakarta,positive,Kebersihan & Kenyamanan Kamar
Anggoro Widjonarko,2020,5,tempatnya baik-baik saja,BUMN,Bintang 3,PatraJakarta,positive,Kebersihan & Kenyamanan Kamar
Eldy Oktarina,2021,4,numpang berenang,BUMN,Bintang 3,PatraJakarta,neutral,Harga & Value for Money
Heri Wicaksono,2020,2,kategori bintang 3,BUMN,Bintang 3,PatraJakarta,neutral,Harga & Value for Money
manhal aang,2024,5,Menarik,BUMN,Bintang 3,PatraJakarta,positive,Harga & Value for Money
Muhammad Luqman Firmansyah,2020,4,Makin bagus sekarang,BUMN,Bintang 3,PatraJakarta,positive,Harga & Value for Money
Ariyadi Arnas,2020,5,Saat buat backpacker,BUMN,Bintang 3,PatraJakarta,positive,Harga & Value for Money
Fauzan,2023,5,keren,BUMN,Bintang 3,PatraJakarta,positive,Harga & Value for Money
Opa 888,2019,3,tenang di nyaman,BUMN,Bintang 3,PatraJakarta,positive,Kebersihan & Kenyamanan Kamar
Ema Nurmalia,2018,5,Saya suka,BUMN,Bintang 3,PatraJakarta,positive,Harga & Value for Money
Bemby,2022,5,tempat nyaman,BUMN,Bintang 3,PatraJakarta,positive,Kebersihan & Kenyamanan Kamar
محمد يسعا احمدي,2017,3,buat ntar,BUMN,Bintang 3,PatraJakarta,neutral,Harga & Value for Money
Ibnu Prahadiwibowo,2023,4,lumayan,BUMN,Bintang 3,PatraJakarta,positive,Harga & Value for Money
elvi sukandar,2021,5,kursus,BUMN,Bintang 3,PatraJakarta,positive,Harga & Value for Money
Oray 88,2020,4,lewat doang,BUMN,Bintang 3,PatraJakarta,negative,Harga & Value for Money
Fauzan Maksum,2019,4,tempat saya di wisuda,BUMN,Bintang 3,PatraJakarta,neutral,Harga & Value for Money
Lepraw evan,2020,3,Ya lumayanlah,BUMN,Bintang 3,PatraJakarta,positive,Harga & Value for Money
Satria,2020,1,Hmm,BUMN,Bintang 3,PatraJakarta,negative,Harga & Value for Money
H putrantoadi,2020,5,nyaman,BUMN,Bintang 3,PatraJakarta,positive,Kebersihan & Kenyamanan Kamar
Ghodiq Ufthoni,2019,4,tenang,BUMN,Bintang 3,PatraJakarta,positive,Harga & Value for Money
Andreas Cogan,2019,5,kerenn,BUMN,Bintang 3,PatraJakarta,positive,Harga & Value for Money
Irwandi,2020,4,bagus,BUMN,Bintang 3,PatraJakarta,positive,Harga & Value for Money
AGUS WIYANA,2019,5,Terima kasih,BUMN,Bintang 3,PatraJakarta,positive,Harga & Value for Money
Gurnita Karnasaputra,2016,1,mentap,BUMN,Bintang 3,PatraJakarta,neutral,Harga & Value for Money
LENSA ZAMAN,2020,5,keren,BUMN,Bintang 3,PatraJakarta,positive,Harga & Value for Money
Daniel Sam Supit,2019,5,keren,BUMN,Bintang 3,PatraJakarta,positive,Harga & Value for Money
Ibnu Supardi tamansari,2020,5,mantap,BUMN,Bintang 3,PatraJakarta,positive,Harga & Value for Money
didin afiyuddin,2019,3,sederhana,BUMN,Bintang 3,PatraJakarta,positive,Harga & Value for Money
Rizkha Umami,2020,5,lumayan,BUMN,Bintang 3,PatraJakarta,positive,Harga & Value for Money
rizki dika pratama,2019,5,ramai,BUMN,Bintang 3,PatraJakarta,positive,Harga & Value for Money
ekky abenard,2018,3,biasa,BUMN,Bintang 3,PatraJakarta,positive,Harga & Value for Money
Nuzul Prima,2018,5,pembicara,BUMN,Bintang 3,PatraJakarta,neutral,Harga & Value for Money
Novrizal Novrizal,2018,3,bersih,BUMN,Bintang 3,PatraJakarta,positive,Harga & Value for Money
Tri Wijaya Putranto,2019,5,Saat mantap,BUMN,Bintang 3,PatraJakarta,positive,Harga & Value for Money
Sukrisman Janurianto,2020,4,mantabz,BUMN,Bintang 3,PatraJakarta,positive,Kualitas Makanan & Restoran
Rizal Ghibran,2020,5,nasabah ku,BUMN,Bintang 3,PatraJakarta,positive,Harga & Value for Money
i_one boedi,2018,5,hotel yang nyaman,BUMN,Bintang 3,PatraJakarta,positive,Kebersihan & Kenyamanan Kamar
Endi Cahyono,2020,5,dianjurkan,BUMN,Bintang 3,PatraJakarta,positive,Harga & Value for Money
rustamadji,2019,4,patra jasa jakarta,BUMN,Bintang 3,PatraJakarta,positive,Harga & Value for Money
nurmeilina maruf,2020,5,lokasi stategis,BUMN,Bintang 3,PatraJakarta,positive,Lokasi & Akses Strategis
Eka Putri,2021,5,bagus,BUMN,Bintang 3,PatraJakarta,positive,Harga & Value for Money
Teresia Maririsky,2018,5,Pelatihan di sini,BUMN,Bintang 3,PatraJakarta,negative,Harga & Value for Money
herlan adi kusworo,2018,5,hotel dan restoran,BUMN,Bintang 3,PatraJakarta,positive,Kualitas Makanan & Restoran
Darim cah CAHKEP,2023,3,hotel lama,BUMN,Bintang 3,PatraJakarta,negative,Harga & Value for Money
Makhluk Jiwa yang tenang,2022,5,lumayan,BUMN,Bintang 3,PatraJakarta,positive,Harga & Value for Money
Ikkyu Oke,2022,5,keren,BUMN,Bintang 3,PatraJakarta,positive,Harga & Value for Money
Budin Oke,2022,5,keren,BUMN,Bintang 3,PatraJakarta,positive,Harga & Value for Money
Nury Lee sinbie,2019,4,nyaman,BUMN,Bintang 3,PatraJakarta,positive,Kebersihan & Kenyamanan Kamar
Ikkyu San oke,2022,5,keren,BUMN,Bintang 3,PatraJakarta,positive,Harga & Value for Money
Hendra Legawa,2020,5,bagus,BUMN,Bintang 3,PatraJakarta,positive,Harga & Value for Money
Endah Dwi Aryati,2019,4,lumayan,BUMN,Bintang 3,PatraJakarta,positive,Harga & Value for Money
Abin Kusnan,2019,3,lumayan,BUMN,Bintang 3,PatraJakarta,positive,Harga & Value for Money
kasiro siroy,2019,5,nyaman,BUMN,Bintang 3,PatraJakarta,positive,Kebersihan & Kenyamanan Kamar
rudi hafiz,2019,4,nyaman,BUMN,Bintang 3,PatraJakarta,positive,Kebersihan & Kenyamanan Kamar
Devit Latif,2018,5,nyaman,BUMN,Bintang 3,PatraJakarta,positive,Kebersihan & Kenyamanan Kamar
Arsyawal Stbagindo,2018,5,nyaman,BUMN,Bintang 3,PatraJakarta,positive,Kebersihan & Kenyamanan Kamar
Ghozy Naim,2025,5,patra jakarta adalah hotel yang nyaman dan terwat dengan suasana yang ramah kamarnya bersih dan luas menawarkan pengalaman menginap yang menenangkan fasilitasnya terwat dengan baik dan pelayanannya ramah dan profesional lokasinya strategis memudahkan akses ke berbagai penjuru kota secara keseluruhan ini adalah pilihan tepat untuk menginap bisnis maupun liburan,BUMN,Bintang 3,PatraJakarta,positive,Kebersihan & Kenyamanan Kamar
Alif Dermayudha,2025,3,tenaga penjualnya tidak profesional saya kira jika anda tidak memiliki hubungan dengan pertamina anda tidak akan diperlakukan dengan baik di sini p s mohon evaluasi ulang tenaga penjual di patra jakarta n,BUMN,Bintang 3,PatraJakarta,negative,Harga & Value for Money
Fariz Akbar,2025,5,kamar bagus kebersihan baik makanan enak,BUMN,Bintang 3,PatraJakarta,positive,Kebersihan & Kenyamanan Kamar
Gabrielle,2024,4,Mereka telah meningkatkan kualitas layanan makanan dan kondisi ruang pertemuan kolam renangnya juga bagus dan bersih meskipun ukurannya tidak terlalu besar restoran dan makanannya juga lumayan Anda juga bisa mengadakan pertemuan di sini bersama tim Anda,BUMN,Bintang 3,PatraJakarta,positive,Kebersihan & Kenyamanan Kamar
Handy Ban,2023,4,tempat makan yang nyaman dengan layanan masak langsung di tempat untuk berbagai pilihan hidangan memiliki tempat yang nyaman di sebelah kolam renang yang memberikan nuansa taman yang nyaman meskipun hotel ini terletak di tengah kota jakarta perlu ditingkatkan tempat parkirnya yang hanya bisa menampung sekitar 30 mobil saja,BUMN,Bintang 3,PatraJakarta,positive,Fasilitas Hotel (Kolam/Gym/Spa)
asigorps,2024,4,ini hotel yang bagus di pusat jakarta saya ke sini untuk berenang tempatnya cukup tenang tapi beberapa sudutnya kotor dengan sisa rokok perlu dibersihkan lebih lanjut,BUMN,Bintang 3,PatraJakarta,positive,Fasilitas Hotel (Kolam/Gym/Spa)
Archipelago Strategic and Partners Indonesia (ASPI),2023,4,fasilitas hotelnya tampak tua dan terawat baik tapi yang mengejutkan restorannya merupakan keajaiban tersembunyi restoran ini terbaik di kelasnya sebagai membantu pelatihan manajemen ruang pertemuan dan standarnya pun sesuai,BUMN,Bintang 3,PatraJakarta,positive,Kualitas Makanan & Restoran
Mohammad Irwan Trimulyono,2020,4,patra comfort adalah hotel milik pertamina perusahaan minyak nasional indonesia karena dimiliki oleh pertamina beberapa kegiatan di hotel ini juga eksklusif untuk grup pertamina pelatihan terletak di cempaka putih patra comfort memiliki lokasi yang strategis terdapat halte busway di depan hotel ini cempaka putih di sebelah hotel ini terdapat rs pertamina jaya mall terdekat adalah transmart cempaka putih tetapi jika Anda menginginkan yang lebih besar Anda dapat pergi ke mal kelapa gading hanya membutuhkan waktu 15 20 menit dengan mobil tetapi jika Anda lebih suka menggunakan transportasi umum dibutuhkan waktu 50 60 menit karena adanya transfer rute hotel ini memiliki kolam renang lapangan tenis dan lapangan bulu,BUMN,Bintang 3,PatraJakarta,positive,Lokasi & Akses Strategis
Wahyu Fadli,2019,5,hotel nyaman dengan fasilitas lengkap kamar rapi ac dan pemanas air berfungsi dengan makanan baik dan minumannya enak dan yang tak kalah penting lokasinya strategis,BUMN,Bintang 3,PatraJakarta,positive,Kebersihan & Kenyamanan Kamar
M C B,2022,4,Baru baru ini juga digunakan sebagai pusat vaksinasi covid 19 siapa cepat dia bisa hanya 50 orang per hari bagus,BUMN,Bintang 3,PatraJakarta,positive,Lokasi & Akses Strategis
Melky Pandapotan,2025,4,lapangan tenis yang bagus sangat bersih dan terawat,BUMN,Bintang 3,PatraJakarta,positive,Harga & Value for Money
Arief Rachman,2021,4,tutup sementara untuk umum seluruh kompleks saat ini termasuk rumah sakit pertamedika jaya digunakan sebagai rumah sakit rujukan untuk pasien covid,BUMN,Bintang 3,PatraJakarta,neutral,Harga & Value for Money
Christian adiguna purba Purba,2024,4,Rasa makanannya enak saya suka sangat mudah untuk pergi ke mana saja,BUMN,Bintang 3,PatraJakarta,positive,Kualitas Makanan & Restoran
Ismoyo adi pradana,2019,5,hotelnya bagus wifi nya bagus makanannya cukup enak fasilitasnya luar biasa,BUMN,Bintang 3,PatraJakarta,positive,Kualitas Makanan & Restoran
Ekky Saputra,2023,5,kamar hotel perlu sedikit renovasi makanan enak pelayanan baik,BUMN,Bintang 3,PatraJakarta,positive,Kualitas Makanan & Restoran
Paulus “Leon” Leonardo,2024,3,Saya sudah memiliki standar untuk grup pekerjaan oleh karena itu saya berharap kualitas produk tertentu ini gagal memenuhi harapan saya,BUMN,Bintang 3,PatraJakarta,negative,Kualitas Makanan & Restoran
Kautsar Hidayatullah,2018,5,makanan kamar dan lingkungannya cukup nyaman sesuai dengan harga tempat menginap yang layak,BUMN,Bintang 3,PatraJakarta,positive,Kebersihan & Kenyamanan Kamar
Aulia Mursalini,2018,3,hotelnya bagus tua tapi bagus pilihan makanannya banyak,BUMN,Bintang 3,PatraJakarta,positive,Kualitas Makanan & Restoran
Yogiputra Permana,2020,4,lokasi bagus dan makanan enak tapi masih perlu ditingkatkan pelayanan hotelnya,BUMN,Bintang 3,PatraJakarta,positive,Kualitas Makanan & Restoran
Rana Baskoro Baskoro,2019,5,Tempatnya bagus untuk berenang harganya cuma 50rb untuk berenang tambah nasi goreng,BUMN,Bintang 3,PatraJakarta,positive,Harga & Value for Money
Rolf Meier,2020,3,Tempat ini sudah pernah mengalami masa masa indah tapi tetap bersih dan aman saya satu tamu lain dari barat,BUMN,Bintang 3,PatraJakarta,positive,Kebersihan & Kenyamanan Kamar
ismail marzuki,2019,4,Lokasi bagus untuk tenang untuk menginap untuk meningkatkan variasi makanan dan kamar mandi yang bau,BUMN,Bintang 3,PatraJakarta,positive,Kualitas Makanan & Restoran
Kartika Sitepu,2018,4,hotel kecil tapi bersih nyaman makanannya oke,BUMN,Bintang 3,PatraJakarta,positive,Kebersihan & Kenyamanan Kamar
andy agus,2023,4,Salah satu hotel terbaik di kota dengan bangunan otentik,BUMN,Bintang 3,PatraJakarta,positive,Lokasi & Akses Strategis
Daniel Arif Budiman,2019,3,kamar standar cuci cepat fasilitas olahraga lengkap,BUMN,Bintang 3,PatraJakarta,positive,Kebersihan & Kenyamanan Kamar
Mahmudin,2025,5,situs yang bagus kelas yang bagus fasilitas yang bagus orang orang orang yang beretika baik strategi penempatan,BUMN,Bintang 3,PatraJakarta,positive,Lokasi & Akses Strategis
Nur Iskandar,2025,4,persahabatan bahagia sahabat smp 7480,BUMN,Bintang 3,PatraJakarta,positive,Pelayanan Staf & Keramahan
Hannah Schelhaas,2020,3,hotel yang bagus dari segi harga dan kualitas,BUMN,Bintang 3,PatraJakarta,positive,Harga & Value for Money
Iman Hanggi,2018,4,Sangat nyaman cocok untuk hotel liburan bersama keluarga,BUMN,Bintang 3,PatraJakarta,positive,Harga & Value for Money
Dwi Hendratno,2019,4,hotelnya tidak terlalu besar dan ruang pertemuannya standar,BUMN,Bintang 3,PatraJakarta,positive,Harga & Value for Money
Bayu Febrian,2020,4,kamarnya nyaman makanannya enak dan lezat,BUMN,Bintang 3,PatraJakarta,positive,Kebersihan & Kenyamanan Kamar
Irsha Primanda,2019,5,hotel bintang 3 dengan nilai bagus,BUMN,Bintang 3,PatraJakarta,positive,Harga & Value for Money
Yuddy Hendranata,2017,5,berharga untuk pertemuan ada juga kolam renang,BUMN,Bintang 3,PatraJakarta,positive,Harga & Value for Money
Dian Anggraini,2019,5,Saya suka tempat ini makanannya dan layanan kamarnya,BUMN,Bintang 3,PatraJakarta,positive,Kualitas Makanan & Restoran
MH MJ,2020,2,hotelnya tua dan tidak terlalu bersih,BUMN,Bintang 3,PatraJakarta,negative,Harga & Value for Money
Abdul Muiz,2018,4,paket hotel ruang pertemuan lapangan tenis dan pernikahan,BUMN,Bintang 3,PatraJakarta,neutral,Harga & Value for Money
Anita Rohmawati Amyseno,2019,5,tempat yang bagus dekat mall duta kolam renang yang bagus,BUMN,Bintang 3,PatraJakarta,positive,Lokasi & Akses Strategis
Ahmad Kharis,2019,5,kamar bagus pelayanan bagus,BUMN,Bintang 3,PatraJakarta,positive,Kebersihan & Kenyamanan Kamar
Eriva Syamsiatin,2017,4,hotel tua yang bersih dan nyaman cocok untuk transit,BUMN,Bintang 3,PatraJakarta,positive,Kebersihan & Kenyamanan Kamar
Agus Hartoyo,2019,3,mengemudi sepeda motor arah cawang tidak memungkinkan,BUMN,Bintang 3,PatraJakarta,neutral,Lokasi & Akses Strategis
Dito Muluk,2019,5,tempat yang bagus untuk berenang dan bermain tenis,BUMN,Bintang 3,PatraJakarta,positive,Lokasi & Akses Strategis
Wied Dodo,2020,3,hotel tua saya berharap pelayanan hotelnya bagus,BUMN,Bintang 3,PatraJakarta,positive,Harga & Value for Money
Adrian Mulkan,2018,4,hotel tua tapi bersih dengan staf yang ramah,BUMN,Bintang 3,PatraJakarta,positive,Pelayanan Staf & Keramahan
Defriando Riza,2019,2,nyamuk dimana mana mohon dilakukan kabut,BUMN,Bintang 3,PatraJakarta,negative,Harga & Value for Money
Renan Hafsar,2019,5,hotel yang indah di kompleks plaza pantai,BUMN,Bintang 3,PatraJakarta,positive,Lokasi & Akses Strategis
gladys aprilia,2019,4,kamar bersih dan pelayanan cepat,BUMN,Bintang 3,PatraJakarta,positive,Kebersihan & Kenyamanan Kamar
Rigrid,2020,4,salah satu hotel milik anak perusahaan pertamina,BUMN,Bintang 3,PatraJakarta,neutral,Lokasi & Akses Strategis
S Pamungkas,2020,4,Perlu perbaikan untuk membuat akomodasi ini lebih baik,BUMN,Bintang 3,PatraJakarta,positive,Harga & Value for Money
Ni Nyoman Yudhiarti,2019,5,hotel tua tapi nyaman,BUMN,Bintang 3,PatraJakarta,positive,Kebersihan & Kenyamanan Kamar
Yusril Setiadinata,2018,5,hotel nyaman di jantung kota jakarta pusat,BUMN,Bintang 3,PatraJakarta,positive,Lokasi & Akses Strategis
Ai Ismail,2019,5,hotel tua tapi bagus,BUMN,Bintang 3,PatraJakarta,positive,Harga & Value for Money
Taufiq Consulting,2019,5,hotel yang bagus dan nyaman,BUMN,Bintang 3,PatraJakarta,positive,Kebersihan & Kenyamanan Kamar
Sabar Wicaksana,2018,5,tempat yang bagus dan nyaman,BUMN,Bintang 3,PatraJakarta,positive,Kebersihan & Kenyamanan Kamar
Firdaus Effendi,2022,5,Hotel sedang bagus,BUMN,Bintang 3,PatraJakarta,positive,Harga & Value for Money
Joko Aprilanto,2017,5,tetaplah mempersiapkan pelatihan pengelasan,BUMN,Bintang 3,PatraJakarta,neutral,Harga & Value for Money
Cok Ngurah,2018,3,Butuh layanan peningkatan lebih lanjut untuk lebih baik,BUMN,Bintang 3,PatraJakarta,positive,Harga & Value for Money
Ook Heryanto,2019,3,Perlu lebih banyak perbaikan terutama untuk fasilitas,BUMN,Bintang 3,PatraJakarta,neutral,Harga & Value for Money
Listiani Artha,2019,4,menu dan fasilitas baik,BUMN,Bintang 3,PatraJakarta,positive,Kualitas Makanan & Restoran
anastasya hannie,2020,3,toiletnya agak bau,BUMN,Bintang 3,PatraJakarta,positive,Harga & Value for Money
Ayu Kusumadewi,2019,5,lokasi nyaman dan strategis,BUMN,Bintang 3,PatraJakarta,positive,Lokasi & Akses Strategis
Vety “Vey” Nui,2021,4,kolam renang yang bagus,BUMN,Bintang 3,PatraJakarta,positive,Lokasi & Akses Strategis
Mohammad Shahbaz Alam,2019,4,penginapan dan makanannya enak,BUMN,Bintang 3,PatraJakarta,positive,Kualitas Makanan & Restoran
agung ferdiansyah,2025,5,bagus,BUMN,Bintang 3,PatraJakarta,positive,Harga & Value for Money
Devry Farany,2021,5,hotel dengan harga terjangkau,BUMN,Bintang 3,PatraJakarta,positive,Harga & Value for Money
TV KU,2020,5,dekat tol,BUMN,Bintang 3,PatraJakarta,positive,Lokasi & Akses Strategis
Dwi Nur Rohmadhoni,2018,2,mampir saja untuk rapat,BUMN,Bintang 3,PatraJakarta,neutral,Harga & Value for Money
yendrimaru iori,2019,4,tempat yang nyaman dan asri,BUMN,Bintang 3,PatraJakarta,positive,Kebersihan & Kenyamanan Kamar
Rakhmat Satrio Wibowo,2019,4,cocok untuk pelatihan perusahaan,BUMN,Bintang 3,PatraJakarta,positive,Harga & Value for Money
Black Vixi,2024,5,besar,BUMN,Bintang 3,PatraJakarta,positive,Harga & Value for Money
Zeithgeisth Al Barrae,2025,5,bagus,BUMN,Bintang 3,PatraJakarta,positive,Harga & Value for Money
Hendra Prabowo,2019,5,tempat menginap yang bagus,BUMN,Bintang 3,PatraJakarta,positive,Harga & Value for Money
Rieski Ferdian,2020,3,hotel tua,BUMN,Bintang 3,PatraJakarta,positive,Harga & Value for Money
Dudi Ardiansyah,2024,5,hotel yang bagus,BUMN,Bintang 3,PatraJakarta,positive,Harga & Value for Money
arina chasanah,2019,3,agak menyeramkan tapi tidak apa apa apa,BUMN,Bintang 3,PatraJakarta,negative,Harga & Value for Money
Fuady Rosma Hidayat,2019,5,nyaman dan menyenangkan,BUMN,Bintang 3,PatraJakarta,positive,Harga & Value for Money
Kang Hardja,2020,5,tempat menginap yang bagus,BUMN,Bintang 3,PatraJakarta,positive,Harga & Value for Money
Andri Supriadi,2018,5,tempat menginap yang menyenangkan,BUMN,Bintang 3,PatraJakarta,positive,Lokasi & Akses Strategis
Aqlatul Gondho,2020,5,bersih dan ramah,BUMN,Bintang 3,PatraJakarta,positive,Harga & Value for Money
Rvan WP,2020,5,Pkee,BUMN,Bintang 3,PatraJakarta,positive,Harga & Value for Money
dian sugiyarti,2019,5,restoran cabana patra kenyamanan,BUMN,Bintang 3,PatraJakarta,positive,Kebersihan & Kenyamanan Kamar
Haerul Maelani,2024,5,bagus,BUMN,Bintang 3,PatraJakarta,positive,Harga & Value for Money
jumonth manru,2018,5,Suka sekali sekali,BUMN,Bintang 3,PatraJakarta,positive,Harga & Value for Money
Ade Diandra,2021,5,"Oke, oke.",BUMN,Bintang 3,PatraJakarta,neutral,Harga & Value for Money
Petrus Lasut,2019,5,tempat yang nyaman dan menenangkan,BUMN,Bintang 3,PatraJakarta,positive,Kebersihan & Kenyamanan Kamar
Karmila Akhmad,2019,3,jadi jadi,BUMN,Bintang 3,PatraJakarta,neutral,Harga & Value for Money
Arif Sugianto,2017,3,sempit,BUMN,Bintang 3,PatraJakarta,negative,Harga & Value for Money
Rezza Sidharta,2022,5,bagus,BUMN,Bintang 3,PatraJakarta,positive,Harga & Value for Money
Ronny Hikmawan,2019,5,tempat yang tenang untuk menginap,BUMN,Bintang 3,PatraJakarta,positive,Harga & Value for Money
Herberth Silitonga,2020,5,atas,BUMN,Bintang 3,PatraJakarta,positive,Harga & Value for Money
Elsye Rompis,2021,5,luar biasa,BUMN,Bintang 3,PatraJakarta,positive,Harga & Value for Money
arief widiantoro,2018,5,kenyamanan,BUMN,Bintang 3,PatraJakarta,positive,Harga & Value for Money
Ical Wibisono,2020,4,tempat menginap yang strategis,BUMN,Bintang 3,PatraJakarta,positive,Lokasi & Akses Strategis
Eko Praptono,2019,5,hotel yang bagus,BUMN,Bintang 3,PatraJakarta,positive,Harga & Value for Money
andry h,2019,4,Cukup baik,BUMN,Bintang 3,PatraJakarta,negative,Harga & Value for Money
Arie Nasution,2019,5,hotel kenyamanan sejati,BUMN,Bintang 3,PatraJakarta,positive,Kebersihan & Kenyamanan Kamar
Alvin Murad,2019,4,pelayanan yang baik,BUMN,Bintang 3,PatraJakarta,positive,Harga & Value for Money
Adi Pribadi,2018,4,hotel,BUMN,Bintang 3,PatraJakarta,positive,Harga & Value for Money
Nur Ismail,2020,3,hal buruk,BUMN,Bintang 3,PatraJakarta,negative,Harga & Value for Money
Arjunis Ariel,2018,5,tempat yang bagus,BUMN,Bintang 3,PatraJakarta,positive,Harga & Value for Money
ihsan hidayat,2019,5,tempat yang bagus,BUMN,Bintang 3,PatraJakarta,positive,Harga & Value for Money
Anya Aprillia Christiana,2017,5,nyaman dan seperti di rumah,BUMN,Bintang 3,PatraJakarta,positive,Kebersihan & Kenyamanan Kamar
SansSkuy,2019,5,santai tanpa,BUMN,Bintang 3,PatraJakarta,negative,Harga & Value for Money
Aulia Annisa,2020,5,hotel murah,BUMN,Bintang 3,PatraJakarta,positive,Harga & Value for Money
Husin Wijaya,2019,2,hotel tua,BUMN,Bintang 3,PatraJakarta,positive,Harga & Value for Money
Fauzan Baihaqi,2021,5,bagus,BUMN,Bintang 3,PatraJakarta,positive,Harga & Value for Money
Ryanto Sirait,2018,4,bagus,BUMN,Bintang 3,PatraJakarta,positive,Harga & Value for Money
Yansen Prayitno,2018,5,bagus,BUMN,Bintang 3,PatraJakarta,positive,Harga & Value for Money
Fibra Reelianto,2018,5,hotel yang bagus,BUMN,Bintang 3,PatraJakarta,positive,Harga & Value for Money
