User Name,Review Time,Rating,Review Text
Michelle Chong,2025-12-03,5,Kami tinggal di sini selama beberapa jam sebelum penerbangan pagi hari pada tanggal 29 November dan memiliki pengalaman yang sangat baik proses check masuk sangat lancar karena resepsionis sangat ramah dan menyambut satu-satunya kamar yang tersedia adalah suite tetapi harga masih terjangkau ketika kami memasuki kamar kami jujur terkejut dengan seberapa luas dan bersih itu memiliki semua fasilitas dan fasilitas yang kami butuhkan yang membuat kami tinggal singkat sangat nyaman staf juga sangat membantu selama check masuk dan checkout mereka bahkan membantu kami memindahkan bagasi kami ke lift yang kami benar-benar menghargai interior
Mr Big Bang,2025-12-01,4,Lokasi hotel yang cemerlang untuk wisatawan bisnis tiba terlambat dan meninggalkan awal hari berikutnya staf resepsi baik dan sopan dan memeriksa masuk cepat sesuatu yang Anda butuhkan setelah perjalanan panjang kamar bersih dan sarapan yang baik dimulai awal wich sangat baik saya pikir pijat yang baik adalah apa yang tubuh saya butuhkan sekarang jadi saya memesan dari mereka spa departemen terapis karin datang ke kamar saya sopan dan profesional pijatnya melakukan keajaiban untuk tubuh yang lelah sehingga malam itu saya tidur seperti bayi dia berbicara bahasa Inggris yang baik sehingga Anda bisa berbicara sedikit selama pengobatan saya sering bepergian ke sini dan tentu saja akan pesanan
GermanTryHarder,2025-12-01,5,memiliki tinggal yang hebat di hotel itu sangat bersih dan nyaman jauh lebih dari yang saya harapkan dari sebuah hotel bandara defensif merekomendasikan untuk tinggal di sini jika Anda tiba terlambat atau terbang awal sarapan benar-benar luar biasa dan staf di resepsi adalah super baik dan ramah terutama amelia orang yang indah dengan jiwa baik
Hayu Paramita,2025-12-24,5,nyaman sekali tinggal di sini kamarnya bersih dan rapi fasilitas lengkap bfastnya enak2 dan menuunya melimpah staf nya ramah2 dan membantu sekali terutama mbak amel yang membantu saat cek masuk dan mbak okti yang melayani saat bfast semoga bisa dipertahankan pelayanan baiknya layanan hebat
Jeremia Febrian,2025-12-26,5,lobby terlihat bersih dan masih baru resepsionis ms amelia dan ms tria sangat sopan dan menangani cek masuk sangat baik lokasi ini di dalam bandara jadi nyaman akan sangat merekomendasikan ini
Marilyne St-Jean,2025-12-01,5,Ini adalah kedua kalinya kami tinggal di hotel ini dan sekali lagi kami tidak kecewa kamarnya luas super nyaman dan sarapan adalah hebat hari ini tria dengan baik menawarkan kami cek awal masuk tanpa biaya tambahan sejak kami tiba sekitar siang hari setelah beberapa jam perjalanan kami sangat bersyukur untuk pelayanan yang sempurna dan ramah
Adam,2025-12-27,5,ini ke tiga kalinya aku menginap di Grand Anara dari segi pelayanan nya sangat baik kamarnya juga bersih dan wangi interior nya mewah dan nyaman saya juga spa dengan mba gendis sangat baik ramah pijatannya merilekskan dan pegal saya juga hilang saya akan menjadi langganan grand anara karena sudah nyaman
Ben Littlechilds,2025-10-31,4,Hotel adalah hotel gaya bisnis khas itu bersih besar mandi nyaman tempat tidur tenang itu sedikit berjalan kaki untuk sampai di sini jika di ujung lain dari terminal dan pastikan untuk tahu ada 2 Anara hotel satu ribu satu biasa termasuk sarapan juga sangat direkomendasikan hanya keluhan sulit untuk memahami format tagihan dengan biaya layanan dan seperti juga kopi masuk kamar akan bagus
Yunisa,2025-12-01,4,hotelnya bagus pelayanannya baik saya pesan kelompok makan malam juga masakannya enak2 kurangnya adalah 1 suara antar ruang tidak kedap suara mungkin karena saya dapat yang bagian menghubungkan kamar jadi ckup mengganggu di malam hari jika ada yang baru datang dan ngobrol 2 tidak ada fasilitas kapas dalam ruangan saya permintaan kapas tapi tidak kunjung datang 3 waktu checkin kelompok pemesanan petugas kurang cekatan dan juga beberapa jenis kamar ada yang salah tidak sesuai permintaan jadi rombongan harus menunggu semoga bisa diperbaiki terimakasih selain itu sudah baik terimakasih
Amine Remmal,2025-12-26,5,Periksa masuk kamar layanan dan lokasi adalah kualitas terbaik kami memesan kamar itu sangat mudah diakses dari bandara terminal 3 terima kasih Grand Anara bandara tim hotel terutama tria layanan menginspirasi kepercayaan diri dan kedamaian untuk menginap yang indah
Vincentius Reinaldi,2025-10-31,5,hotel terbaik di bandara jakarta terletak di terminal 3 domestik jadi jika perlu ke terminal 2 harus lewat skytrain 11 15 menit interior nya mewah dan kamar nya sangat nyaman fasilitas jg lengkap ada gym kolam renang sauna lounge nya jg asik banget sangat nyaman sarapan variasi menu nya standar tapi rasa enak tempatnya nyaman plusnya lagi dengan posisi di terminal 3 naik 1 lantai lgs ke area resto bandara
Felix Marcus,2025-10-31,5,Tempat ini adalah pilihan yang bagus untuk transit stopover aman dan harga yang wajar lokasi sangat strategis hanya 10 menit berjalan kaki ke penerbangan check masuk area kamar-kamar tidak super luas tapi mereka nyaman staf ramah terutama resepsionis Amelia dan pelayan sila serta staf restoran lainnya saran untuk perbaikan adalah untuk menawarkan lebih banyak pilihan vegan
Herlina Zainani,2025-12-01,5,menginap 1 malam untuk memeriksa masuk pagi hari keesokan hari ini kamar bersih luas gk berisik dng view gate 14 15 serta pesawat garuda lalu lalang masakan untuk sarapan enak dibantu dorong trolleynya oleh mas mas staf dari hotel hingga ke counter check masuk alhamdulillah
Margie May,2025-10-01,5,hotelnya tidak mewah tapi bagian kamarnya cukup nyaman bersih dan masih terawat lokasi Nempel bandara t3 domestik jadi bisa tinggal jalan kaki buat buat cek masuk pesawat ataupun sekedar jajan di bandara staf juga membantu semua terima kasih jg mba amelia yang sudah bantu upgrade kamar menghubungkan untuk sarapan tidak banyak variasi tapi lumayan enak yah dijamin kenyang hanya saja kekurangannya internetnya lambat susah benar ingin streaming sinyal hp jg terbatas jadi ganggu yah kalau ada lumayan kebutuhan jika kekurangan satu lagi fasilitas kebugarannya kurang bangett mengecewakan sih kalau mau latihan cuman ada treadmill sepeda statis manual lintas trainer yang semuanya
Jelita Pekerti,2025-10-01,5,semua tuhan sangat nyaman dan pilihan yang tepat untuk menginap sebelum ruang penerbangan panjang layanan bersih ramah sarapan enak2 bervariasi ada indomiee harga pun masih sangat terjangkau karena bangunannya baru ya dan sudah termasuk sarapan terima kasih kak tria amel jika saya tidak salah yang sudah memberikan cek awal masuk pukul 13.30 karena ternyata kamarnya sudah siap teruskan pekerjaan yang baik guys
jiim test-wp,2025-12-01,1,Frontdesk bulan september menginap di newbelin semua november lebih nyebelin lagi yang sudah sering menginap dimana2 bisa merasakan buruknya keramahan di jakarta terburuk di anara domestik internasional hotel mahal tingkat keramahan comberan tidak akan lagi bawa tamu kesini 1 5 juta rupiah untuk apa sarapan nya saja standar bintang 2 lols apa lelucon
Dian Agustina,2025-12-10,5,Lokasinya strategis dan mewah dekat dengan parkir rumah tangga staf hotel mba nashila sangat membantu saat saya batuk lgsg di beri udara hangat untuk minum kondisi lagi batuk fasilitasnya sangat luas dan nyaman baik mempertahankan
Hani Muplihah,2025-12-24,5,pengalaman menginap di sini luar biasa kamar nya nyaman dan yang paling berkesan sarapan buatan koki tri surya juga enak orgnya ramahh terima kasih
Han Roos,2025-12-01,5,Satu malam di hotel grand anara sangat memuaskan kamar bagus dan wangi lobi bagus dan luas sarapan enak dan dibantu langsung dengan mbak okti yang sudah membantu untuk mengambilkan teh kopi dan kue lainnya selebihnya aman dan sangat memuaskan terimakasih mbak okti dan staf lainnya
Radhita Rukmana,2025-12-01,3,Mas t i coba kalau ada tamu bertanya ke mas nya sambut dengan salam senyum sapa sebagai kantor depan bknnya hal mendasar ya itu itu walaupun bukan tamu menginap hanya tanya tempat benar tidak ada disini ada acara itu saat ditanya juteknya masyaallah staf lain bagian depan juga tidak da sapa senyum sama sekali ramahnya sama tamu2 bule nya saja ini masukan ya bukan benci komentar karena hotelnya bagus loby nyaman tempatnya enak strategis banget sayang kalau karyawannya seperti karyawan puskesmas
Zaki Rahman,2025-10-31,5,lokasi sangat strategis berada di dalam terminal 3 domestik dari keberangkatan nomor 5 cukup turun 1 eskalator melewati hotel kapsul kemudian menuju arah parkir namun sebelum sampai di sana arah hotel berada ke arah kiri lihat papa tulisan grand anara lobby dan ruang tunggu luas pelayanan ramah cek masuk cepat kamar cukup bersih ada handuk udara mineral sikat gigi comb ada pengering rambut tidak ada setrika untuk tv menggunakan stb jadi ada 2 makanan jarak jauh dibandingkan luas yang cukup bervariasi namun masih kalah yang tidak besar di terminal 3 internasional untuk salinan mesin tidak ada pembuatan birnya kurangnya di sini
sabbia feyyolla,2025-12-03,5,Saya baru saja mengunjungi Grand Anara Hotel dan saya sangat terkesan melihat kamar-kamar begitu bersih dan nyaman dan resepsionis juga ramah dan baik untuk spa sangat direkomendasikan meskipun tidak ada ruang pijat dan pijat hanya dapat dilakukan masuk kamar hotel tetapi itu puas dan terkejut saya pijat dengan terapis yang sangat berpengalaman dan pijatnya sangat baik dia juga ramah saya lupa namanya tapi saya tidak akan pernah lupa tangannya yang menakjubkan terima kasih
Meysa Zalsabilla,2025-12-03,5,fasilitas baik sarapan di hotel ini secara keseluruhan enak makanannya dan pelayanan yang diberikan sangat luar biasa terutama mba sarah sangat ramah meskipun restoran sedang ramai pelayanan dan fasilitas seperti ini membuat pengalaman saya sangat menyenangkan terimakasih
Billy Jah,2025-12-03,5,nyaman dan praktis untuk menginap kamarnya bersih rapi dan fasilitasnya memadai suasananya tenang cocok untuk perjalanan singkat maupun transit staf ramah dan sigap membantu membuat pengalaman menginap lebih nyaman dan efisien
Seb Clmbt,2025-10-31,3,Tempat masuk terminal 3 sangat nyaman dan ini adalah hotel yang bagus terlihat saya hanya menempatkan 3 bintang karena saya tidak bisa tidur sepanjang malam karena soundproofing adalah buruk anak-anak bising di dekat saya saya mungkin tidak beruntung tapi ada juga bau yang sangat buruk masuk kamar 272 manajemen hotel harus melakukan sesuatu tentang yang khusus terima kasih kepada karyawan mereka sangat baik
Devy Can,2025-08-31,5,nyaman banget tinggal jalan kaki ke gerbang yang ada di bandara karena lokasinnya terhubung lgsg ke area bandara menu di restonya jg yang terbaik lezaat saat di lidah kamarnya luas ada mandi baru disediakan juga komplemen cemilan dan minuman ringan seperti banyak untuk hotel ini sangat banyak kemudahan saat di bandara
Paramitha citra,2025-12-01,5,Saya tidak mampir di sini 1 malam saya bertemu Mba Novita yang baik membantu saya menjelaskan terkait kereta langit karena saya orang awam makanya biasa saja cuma layanan dari Mba Novita bagus kamarnya nyaman lokasi di dalam bandara jadi enak ketika perjalanan lelah menunggu transit
Nando Febri Hariyanto,2025-10-31,5,saya baru saja menginap di Grand Anara Hotel Jakarta dan pengalaman saya sangat memuaskan salah satu hal yang paling berkesan adalah pelayanan dari resepsionis bernama tria sejak pertama datang saya disambut dengan senyum ramah dan sikap profesional yang membuat proses pemeriksaan masuk berjalan cepat dan nyaman tria sangat membantu dalam menjawab semua pertanyaan saya tentang fasilitas hotel dan memberikan rekomendasi tempat makan di sekitar sikapnya yang sopan sabar dan penuh perhatian benar benar mencerminkan pelayanan kelas atas dari Grand Anara hotel terima kasih untuk pengalaman menyenangkan yang saya cinta pasti akan kembali menginap lagi dan semoga bisa bertemu dengan tria lagi di kunjungan pela berikutnya seperti ini yang membuat tamu merasa diharyanan
Syahla Quaneisha,2025-10-01,5,saya menginap di hotel grand anara bandara soekarno hatta dan pengalaman saya sangat menyenangkan lokasi hotel sangat strategis dekat dengan bandara sehingga cocok untuk transit maupun penerbangan pagi kamar bersih nyaman dan fasilitas lengkap untuk istirahat singkat sebelum melanjutkan perjalanan yang paling berkesan adalah pelayanan dari staf khususnya mbak triya di meja depan beliau sangat ramah cekatan dan benar benar membantu sejak proses pemeriksaan masuk hingga memberikan informasi yang saya butuhkan pelayanan seperti ini membuat pengalaman jadi jauh lebih menyenangkan sangat direkomendasikan untuk yang mencari hotel nyaman dengan pelayanan terbaik di sekitar bandara soekarno hatta
Alberta Kumala,2025-12-01,5,Hotel yang bagus dan nyaman lokasi strategis untuk penerbangan domestik sarapan cukup komplit staf ramah hanya sayang ada berisik di kamar saya mungkin suara pompa udara atau sesuatu yang lain saya tidak tahu dan di kamar mandi ada sikat gigi tertinggal milik tamu sebelumnya mungkin layanan pembersihan lupa tapi secara keseluruhan ini adalah hotel yang baik terima kasih
Anti Social,2025-10-01,5,lokasi untuk hotel ini sangat nyaman karena dekat dengan gerbang domestik karena kesalahan suami saya membuat untuk penerbangan internasional memaksa saya untuk memesan hotel bandara lain yang juga bandara hotel dekat gerbang keberangkatan internasional hari sebelumnya sejak pemeriksaan keluar dari hotel pertama sekitar 12 00 saya harus memeriksa masuk awal di Grand Anara bandara untuk menginap berikutnya sebelum penerbangan saya kembali ke rumah masuk pada pagi berikutnya staf resepsionis ria amelia baik dan membiarkan saya untuk meminta awal memeriksa masuk kamar saya bahkan memiliki pemandangan landasan tidak mendapatkan pemandangan landasan dari hotel pertama saya sangat baik merek
Nabila Putri Salsabila,2025-07-31,5,Hotel bandara ini super nyaman terletak tepat di dalam terminal 3 yang membuat menangkap penerbangan pagi kami bebas stres sarapan yang mengejutkan baik dengan berbagai pilihan cara yang bagus untuk memulai hari sebelum terbang desain interior juga melebihi harapan kami untuk sebuah hotel bandara dan kamar bersih nyaman dan nyaman cek masuk dan cek keluar mengambil sedikit lebih lama dari yang diharapkan dan juga butuh waktu untuk bagasi kami untuk dikirim ke kamar tetapi secara keseluruhan itu adalah nyaman dan praktis tinggal yang sempurna untuk malam transit atau penerbangan awal
Hayati Haya,2025-12-01,4,pertama kali menginap di sini biasanya yang anara lama dsini berisik jadi semalaman aku tidak bisa tdr suara dari kamar sebelah dan dari luar kedengerab jls banget dan kalau orang tutup pintu pun keras banget kedengeran baru sarapan tidak sebanyak di anara lama
Melvin Hoyes,2025-08-31,5,hotelnya bagus fasilitasnya lengkap lokasinya strategis tinggal jalan kaki ke terminal 3 domestik stafnya ramah dan baik dibantu bawain koper sampai kamar dan saat cek keluar diambilkan troli bandara dapat gratis awal cek masuk terima kasih mbak amelia
Marcello Massoni,2025-10-01,3,Secara keseluruhan tempat yang baik dan baik untuk menghabiskan malam jika Anda memiliki berhenti lama masuk terminal 3 sayangnya masuk kamar kami 217 kami terus mendengar suara latar belakang yang mengganggu sepanjang malam mirip dengan getaran mesin yang tidak berasal dari AC atau ventilasi kamar mandi knalpot perlu earplugs untuk tidur kasihan sarapan rata-rata
Demen traveling,2025-12-17,4,hotel yang nyaman dekat dengan keberangkatan domestik berada di dalam bandara t3 area domestik kamar cukup luas nyaman bersih dan modern
Nando Febri,2025-10-31,5,Pelayanan di Grand Anara Hotel Jakarta sangat memuaskan terutama dari mbak tria di bagian resepsionis ramah tanggap cepat dan sangat membantu selama proses cek masuk dan selama saya menginap terima kasih atas pelayanannya yang luar biasa
Reza Suryapranata,2025-10-01,5,Anda harus pergi ke sana untuk pergi ke sana untuk pergi ke sana untuk pergi ke sana untuk pergi ke sana untuk pergi ke sana untuk pergi ke sana untuk pergi ke sana untuk pergi ke sana untuk pergi ke sana untuk pergi ke sana untuk pergi ke sana untuk pergi ke sana untuk pergi ke sana untuk pergi ke sana untuk pergi ke sana untuk pergi ke sana untuk pergi ke sana untuk pergi ke sana untuk pergi ke sana untuk pergi ke sana untuk pergi ke sana untuk pergi ke sana untuk pergi ke sana untuk pergi ke sana untuk pergi ke sana untuk pergi ke sana untuk pergi ke sana untuk pergi ke sana untuk pergi ke sana untuk pergi ke sana untuk pergi
Nurul Shafira,2025-10-31,5,pengalaman pertama menginap dihotel grand anara domestik hotelnya sangat strategis dekat dengan counter cek masuk garuda domestik hotelnya bagus kamarnya bersih nyaman dan fasilitasnya lengkap dan dari pelayanan dari staf khususnya mas rizki beliau sangat ramah dan sangat membantu saya
sachril havani,2025-10-31,5,hotel di bandara yang cukup enak dengan fasilitas lengkap mushola untuk istirahat sebentar untuk transit ke penerbangan berikutnya sarapan pagi restoran ini menyajikan menu lokal yang enak rekomendasi
Nareswari ICM,2025-07-01,5,terletak dekat keberangkatan domestik masuk t3 tinggal di sana untuk malam menunggu penerbangan transit kami layanan yang disediakan baik harby menanggapi dan membantu kami banyak merawat tas kami saya setuju dengan pelanggan lain bahwa ruangan membutuhkan soundproofing saya bisa mendengar pengunjung baru memasuki kamar mereka dan berbicara selain bahwa kamar itu bersih dan nyaman
JalanJalanGuys,2025-08-31,5,baru kali pertama mencoba tinggal di hotel bandara yang benar2 letaknya di dalam bandara letaknya di terminal 3 domestik mulai dari lobi kamar fasilitas perhotelan semuanya mantap banget mereka juga jadi satu hotel yang lain yang ada di bandara yang punya kolam renang juga loh secara keseluruhan grand anara cocok banget untuk kalian yang terutama mau transit sebelum penerbangan ataupun yang cape abis penerbangan dan mau nyantai dulu pekerjaan besar grand anara pasti akan kembali untuk tinggal sebelum penerbangan lain
Rado Lawolo,2025-12-01,1,Tidak ada yang salah dengan hotel bersih lokasi terbaik untuk transit layanan staf dan makanan adalah luar biasa tapi memberi Anda satu bintang untuk saat ini sebagai tanda untuk membimbing wisatawan tidak hadir dengan baik dari semua arah T3 area baik dari check masuk area maupun bahkan dari lobi parkir hotel drop off itu mungkin bandara otoritas tanggung jawab tetapi harus cepat memperbaiki dan jika manajemen hotel dapat mengikuti pasti Anda layak untuk 5 bintang saya lokal tetapi mari kita bayangkan untuk wisatawan internasional pertama kali transit ke hotel ini dengan anggota keluarga bayi tua dengan trolly tas berjalan di sekitar meminta untuk menemukan hotel
Ahmad Rifai,2025-12-01,5,hotelnya sangat nyaman dan pelayanan sangat baik pijatnya nya juga sangat bagus pelayanan yang sangat baik dan bikin santai dan sangat amat ramah sekali mba metta dan sangat sabar terimakasih pijatanya mba meta terbaik pijitanyaa
Rdph Queen,2025-12-01,5,Impresi pertama yang sangat baik saya suka bangunan baru interior Grand Anara hotel staf tersenyum kepada tamu makanan juga sangat nikmat indonesia jika saya memiliki kesempatan saya ingin tinggal masuk di sini lagi
Muhammad Irwan,2025-07-31,5,Pengalaman yang indah disambut oleh staf yang paling ramah yang baik ayat masuk bahasa Inggris untuk mereka yang memiliki penerbangan awal silahkan meminta sarapan takeaway jika Anda sudah membayar untuk itu saya mampu menikmati sarapan sebelum naik pesawat saya
Alip FXG,2025-10-01,5,kamar 4 5 luas ranjang besar ada ruang buat taruh bagasi di belakang pintu ada lemari es brankas peralatan mandi lengkap kurang pisau cukur saja cuma yang perlu disayangkan ada beberapa bercak noda di bantal dan sprei untungnya bantal dapat 2 video terlampir dan fo di bawah lemari es juga ada sisa obat sakit kepala yang tidak dibersihkan layanan 5 5 staf ramah hotel juga termasuk lengkap ada gym kamar kolam sauna dan resto untuk makan pagi nya oke banget suasana 5 5 letaknya di lt 1 tepat mau di bawah keberangkatan donestik cari makan mudah suasana di hotel juga bagus untuk istirahat
Ransta G,2025-10-31,5,Aku hanya menemukan hotel ini dari bisnis klien saya Singapore Airlines dan Qatar Airlines jadi aku memesan hotel ini aku telah diberikan pelanggan yang baik telepon vis dan apaapp dari anggota tim nama amelia aku ingin merusak beberapa dan dia hanya memperlakukan saya dengan gairah dan layanan pelanggan yang luar biasa dan membuat saya sangat bahagia untuk itu dan saya akan menggunakan hotel ini untuk jangka panjang terima kasih amelia dan baik dilakukan nenek anara hoyle untuk membuat pelanggan Anda bahagia
ary indra,2025-07-31,4,Saya tahu saya suka banget hotel ini karena strategis dan nyaman untuk menunggu terbang pagi karena lokasinya tapi coba deh sekali kali yang punya hotel tidur di kamar dan memakai tab yang di matikan di meja samping tempat tidur saya pasti kesulitan sekali trus coba sekali kali menonton youtube atau netflix di tv jika saat lagi tidak beruntung bisa ada segera harus memperbarui perangkat lunak jika saat beruntung bisa suara tv saya agak kurengg ya padahal merknya samsung tidak tahu mengapa ini berlaku untuk semua kamar selebihnya sangat oke
alan hizqiel,2025-10-01,5,datang setelah dzuhur alhamdulillah segera bisa cek awal masuk tanpa ada biaya tambahan dibantu oleh staf yang ramah tria hotelnya terletak di terminal 3 gerbang 5 turun ke bawah satu lantai lurus terus di samping aw
A Setiawan,2025-08-31,5,wah pengalaman menginap di Grand Anara hotel dalam terminal 3 soetta keren banget lokasinya emang juara tinggal jalan doang ke pintu sarapannya enak dan pilihannya banyak jadi pagi langsung semangat deh eh hotel bandara ada kolam renang gym sama area luar juga keren banget sumpah buat yang mau santai atau olahraga sebelum terbang saat banget apalagi ada tempat merokok yang mudah dijangkau jadi tidak ribet buat yang merokok kamarnya juga cakep bisa langsung lihat terminal 3 dari jendela jadi jadi seru banget buat penerbangan akan kembali sih ke ini hotel jika ke jkt terus
Mel S,2025-10-31,5,masuk lantai satu di bawah cek masuk counter terminal 3 sisi domestik Anda terus pergi ke ujung jauh melewati hotel kapsul dan koridor yang menghubungkan dan Anda akan melihat w hotel adalah di sebelah kiri dari itu melihat dua gambar terakhir itu sedikit berjalan kaki jika Anda datang dari internasional counter sekitar 10 15 menit tapi sangat nyaman jika Anda perlu memeriksa masuk pagi
Siti Hajar,2025-10-31,5,Gratis semua nya aman sarapan nya sedap semua pilihan makanan mbak okti dan semua staf sangat baik dan mudah didekati bisa diulang lagi ke sini
Ben Farr,2025-07-01,5,Saya tiba di penerbangan internasional ke terminal 3 dan berangkat pagi berikutnya dari terminal 3 Grand Anara hotel sempurna untuk menginap saya saya bahkan tidak perlu meninggalkan terminal 3 gedung memeriksa masuk sangat ramah dan efisien seperti yang saya cek keluar staf semua sangat ramah dan ramah kamar yang sangat baru modern bersih dan nyaman tempat tidur sangat nyaman ada lingkaran k dan banyak toko lain kenyamanan sangat dekat dengan terminal utama hanya berjalan kaki singkat dan Anda memiliki akses ke semua restoran dan fasilitas kafe juga sangat nyaman dan nyaman tempat tinggal lain kali saya transit masuk
Giselle Payne,2025-07-31,5,hotelnya nyaman fasilitas oke staf hotelnya amat amat ramah dan yang paling penting makanannya enak menu sarapan nasi goreng kemarin top banget sampe nambah hehe terbaik chef surya terimakasih pelayanannya akan kembali lagi ke sini karena sangat merekomendasikan
Daz,2025-07-01,2,Kamar kami berada di lantai 2 dekat lift ada suara berteriak yang terus-menerus datang dari motor listrik yang membuat tidur sulit juga kamar memiliki pintu pembagian ke kamar sebelah dan saya bisa mendengar orang berbicara mungkin tinggal di tempat lain lain lain karena kurangnya soundproofing itu adalah malu karena hotel ini bagus dan baru
Benedito Fernandes,2025-12-25,5,Pelayanan sangat luar biasa Mba okti yang ramah dan menemani waktu sarapan dan makan siang di resto nya
ditech injection,2025-12-10,5,Hotel nyaman bersih sarapan pagi enak2 menuunya ada kolam renang gym dianjurkan ada kamar merokok di lobi dan area kolam renang
Wiwit Prasetyono,2025-07-01,4,hotel yang strategis di terminal 3 bandara soeta pengalaman tugas perjalanan melibatkan disabilitas dari daerah yang berbeda dan sangat terbantu karena staf hotel bersedia menjemput sejak keluar sabuk pengantar hingga ke hotel terbantu dengan pak fauzie staf hotel yang selalu berkomunikasi selama penjemputan mitra kami di terminal 1 hingga dibawa ke terminal 3 kondisi kamar cukup luas dan disediakan monitor touch screen sebagai pengganti pesawat telepon dan buku menu layanan sayangnya justru tidak mudah diakses oleh yang memiliki hambatan penglihatan secara umum senang bisa istirahat transit di grand anara
Dave,2025-03-31,5,Hotel ini adalah pilihan ideal untuk wisatawan masuk transit istri saya dan saya menghabiskan malam di sini untuk beristirahat dan pengalaman kami tidak ada yang luar biasa tempat ini sangat bersih dan tenang suasana kamarnya indah dan staf yang luar biasa menyambut teriakan keluar untuk mbak tria dan rekan saya tidak dapat mengingat namanya yang telah sangat ramah dan membantu benar-benar top notch
Darma Saputra,2025-12-10,5,nginep d sini saat pgen umroh kamar cukop luas nyaman resepsionis ramah pegawai lain juga selalu nyapa mkanan enak
Fredy Handoyo,2025-07-31,2,Chef yang masak telurnya ibu jesica tidak niat kerja tidak memperhatikan pesanan pelanggan bayangin saja kami minta telur mata sapi matang 1 saja sampai 2 x salah minta pertama dikasi omlet minta kedua dikasi telur setengah matang itu pun setelah kami selesai makan padahal kami duduk tidak jauh dari tempat dia stanby pak manager hrd tolong di fiter lagi sdm seperti ini fyi keadaan saat itu tidak terlalu banyak maaf saya apa adanya komen terima kasih
Yvan A. Digon,2025-08-31,2,Hotel tidak memiliki wifi jaringan lemah saya tidak merekomendasikan hotel ini jika Anda bepergian untuk bekerja Anda tidak akan dapat mendapatkan koneksi internet yang tepat selain itu sulit untuk menemukan lokasi hotel jika Anda pergi ke sini dengan taksi staf profesional baik dan membantu itu akan menjadi titik positif
Saras Wati,2025-08-31,5,Terimakasih untuk pelayanan nya mba amelia mba tria kamarnya nyaman luas bersih dan wangi untuk rasa makanannya jg sangat bervariatif
ahmad solihin,2025-07-01,5,hotel nya bagus dan nyaman untuk fasilitas nya juga sangat oke cuman dari posisi atau letak hotel nya saja yang agak membingungkan untuk pelayanan nya sangat oke staf nya pada ramah untuk makanan enak enak terimakasih untuk mas rafly sudah membantu saya dan selalu tersenyum sukses selalu semuanya
Sasikhan Geibprasert,2025-07-01,4,Saya menulis ulasan ini untuk membantu wisatawan lain tinggal di sini menemukan hotel pertama ada dua hotel di bawah merek yang sama Anara dan Grand Anara bandara hotel yang berbeda masuk bangunan yang berbeda di sisi yang berlawanan dari terminal 3 ini Grand Anara bandara hotel adalah di sisi domestik dan jika Anda tiba dari kedatangan internasional seperti yang kita lakukan perlu kembali ke lantai 2 berjalan ke ujung lain dari terminal panjang 3 dan turun ke lantai 1 kemudian berjalan keluar jembatan ke bangunan parkir domestik di mana hotel adalah jika Anda berjalan keluar jembatan ke terminal panjang
Aulia Rahmawati,2025-07-01,5,kualitas kamar sangat cepat dan bersih serta pelayanannya juga memuaskan pada saat duduk akan sarapan mba sasha langsung menawarkan kopi atau teh sangat membantu bagian ruang makan hingga bagian pengamanan memberikan kenyamanan dan keamanan lokasi sangat titik utama karena terletak tepat di terminal 3 domestik tidak perlu repot jika ada penerbangan tinggal jalan saja tidak menyesal
안니사 자흐라 샵비나,2025-05-01,4,Kamarnya luas kamar tidur nyaman bersih kamar tidur dan kamar mandi staf ramah lokasi baik-baik saja itu menarik bagaimana domestik dan internasional memiliki hotel mereka sendiri jadi itu tidak akan jauh sarapan itu enak
Azfa Feru,2025-12-10,5,Hotelnya bagus pelayanan oke banget teriak ke Mba Amelia dan Mba Tri rekomendasi
Hendry Hendry,2025-07-31,2,Saya dari kamar 216 Tgl 24 Juli 2024 silahkan cek pesan makanan dari jam 10 via tab biar keren sudah lama saya tunggu tidak muncul 2 saat ke bawah tanya ternyata belum dalam proses dikamar baru tidak ada telepon kita menunggu kek orang bodoh
Kei ramadhan,2025-08-31,5,hotel bintang 4 dengan fasilitas bintang 5 hanya 3 menit ke gerbang domestik dan 7 menit ke gerbang internasional ada kolam renang ruang pertemuan yang mewah makanan yang enak staf yang sangat ramah bangunan yang modern dan nyaman nga nyangka ada hotel sebagus ini di terminal 3 soetta sukses selalu untuk hotel grand anara
Ela Nurlaela,2025-07-01,5,hotelnya nyaman fasilitas oke staf hotelnya amat amat ramah terutama concier dan pelayan nya sudah membantu mengantarkan barang dan minuman top banget terimakasih pelayanannya akan kembali ke sini karena sangat dianjurkan dari segala aspek makasi banyak untuk pelayanannya
davi khadavi,2025-05-01,5,pertama kali saya check in di hotel bandara dan itu adalah kesenangan mutlak kami disambut oleh Amelia yang indah dari tim resepsi yang sangat ramah dan membantu kami dengan cek masuk meskipun belum waktunya kami tinggal untuk malam dan kamar itu sempurna fasilitas yang besar untuk sebuah hotel transit dan lobi berbau sangat bagus pasti akan memilih hotel ini untuk masa depan masuk cgk terima kasih grand anara kak amelia
Alfarizi 008,2025-07-01,5,Tempat nyaman secara keseluruhan sangat memuaskan kamarnya bersih dan nyaman stafnya ramah a khusus mba sasya lokasinya di terminal 3 sarapan enak dan suasana hotel tenang lain kali akan kembali ke sini
Ardi firmansyah,2025-07-01,5,pertama kali menginap di sini pelayanan di fo nya sangat ramah dan cepat oleh kak tria untuk penjaga bar nya pun ramah dikasih minuman segar banyak pilhan untuk selamat minumnya terima kasih ka syila untuk kamarr bersihh suka dengan desainnya sangat mewah suka tidak terlalu jauh dengan akses cek masuk internasional sukses selalu grand anara airport hotel
Herbayu Yambo,2025-10-31,5,nyaman bersih dan wangi ngga perlu dipesan sarapan pagi sudah banyak tempat sarapan pagi di t3
Mat Dodol,2025-03-31,2,Hotel ini sayangnya tidak benar-benar melakukannya untuk saya pertama dan seperti yang saya sebutkan di tempat lain masuk ulasan hotel lain satu hal yang paling penting bagi saya dengan hotel dan itu adalah tidur malam yang baik sekarang 3 pagi dan masih saya tidak bisa tidur karena berbicara dari tamu masuk kamar sebelah saya bahkan tidak bisa mengeluh kepada mereka dan mengatakan mereka membuat suara mereka tidak dinding masuk hotel ini kertas tipis jika Anda ingin tidur malam yang baik kemudian baik memastikan dengan resepsi bahwa Anda tidak memiliki orang tinggal di sebelah atau saya sarankan pergi ke tempat lain oh
Roucille Ferguson,2025-10-01,5,Hotel yang indah bersih indah dengan lokasi yang sempurna dan staf yang ramah Amelia di resepsi sangat membantu dan sinar matahari seperti itu
LYD,2025-05-01,5,Saya memiliki tinggal yang menyenangkan di Grand Anara hotel domestik staf sangat ramah dan lobi adalah luas dan menyambut kesan pertama yang besar kamar bersih dengan fasilitas lengkap dan satu hal yang saya benar-benar menyukai hotel bau segar dan menenangkan luar biasa di seluruh bangunan sebelumnya saya tinggal di hotel terminal internasional yang sedikit jauh ketika terbang domestik ini jauh lebih dekat dengan terminal domestik dan juga nyaman terletak dekat restoran dan pasar mini pasti pilihan yang bagus untuk tinggal nyaman singkat sebelum penerbangan domestik
Olivia Aamodt,2025-07-01,5,Kami menikmati menginap di Grand Anara tim perhotelan menyambut membantu dan profesional tria dan Abdul Excel di pekerjaan mereka dan sangat baik menyambut kami kembali ke hotel pada akhir perjalanan kami ke Indonesia Grand Anara bersih nyaman nyaman disatukan dengan bandara Cgk Jakarta dan fitur sarapan yang mengesankan menyebar terima kasih hotel Grand Anara
tenry,2025-05-01,2,hotelny baru kamar bagus kasur nyaman cuma suara dari luar atau antar kamar terdengar jelas jadi sebaikny gunakan earplugs jika anda seorang yang tidur ringan yang saya sedikit kecewa dengan hotel ini adalah saya kena muatan 100k karena noda lipstik di tangan noda ini bukan karena saya mengusap bibir dengan tangan ya i m tidak itu sembrono sialny saya habis meratakan lipstik dengan jari melihat tangan terjatuh saya angkat tangan itu agak nyesel ya dengan hobi minum saya ini jadi nempel noda lipstik dari jari saya ke tangan saat cek keluar discharge lah si noda
Megan Frazier,2025-07-31,5,hotel nya nyaman pagi ini makanan nya juga enak dengan ramah tamahnya chef surya terbaik bikin mau balik lagi
Ali Juragan Kurma,2025-07-31,5,Hotel baru di terminal 3 akan menjadi Andalan untuk transit mau kemana mana kamar oke petugas ramah semua mungkin saran untuk makanan ditingkatkan lg terima kasih
Anggraenihln,2025-07-01,5,ruangan standar cukup luas dan nyaman makanan sarapan cukup lengkap dan enak view adalah grear pelayanan kantor depan dan pelayan bar hari ini mbanya cantik dan ramah terima kasih kak tria dan sela
Windi Sawitri,2025-07-31,3,dateng malam2 karena keterlambatan pesawat pesan kamar suit tapi udara panasnya tidak nyala kecewa banget karena berharap bisa mandi udara panas stlh capek perjalanan penerbangan dari jam 7 pagi 8 malam sudah mengeluh smp jam 11 malam belum nyala udara panasnya
Naomi,2025-05-01,2,Tempat tidur baru dan nyaman dan kamar bersih namun itu cukup bising yang memberikannya rendah bintang bandara hotel membutuhkan soundproofing mereka juga mengiklankan fasilitas tertentu di pemesanan kolam renang gym menahan tetapi ini tidak terbuka pada saat itu dan ada hotel lain masuk bandara dengan fasilitas ini untuk harga yang sama layanan miskin kami hilang menemukan lokasi resepsi mereka tidak menjawab panggilan kami dan kami mencoba banyak nomor kami harus menggunakan google ulasan untuk arah memeriksa keluar adalah pada dua belas dan tas kami dikemas staf resepsi mengetuk pintu kami pada satu belas lima puluh delapan sebelum
Juhairil kamsari,2025-07-01,5,Kamar yang nyaman dan bersih yang terhubung ke Soekarno Hatta International Airport Terminal 3 cocok untuk menginap di malam hari sambil menunggu penerbangan koneksi Anda
Supriadi,2025-07-01,5,Terimakasih atas pelayanan hotel grand anara hotelnya memang agak sulit ditemukan karena tidak ada papan petunjuk tapi pelayanan dari tim anara dan fasilitas kamarnya yang baru sangat baik terimakasih juga mba amelia dan mas abdul
Siti Syamsiyatun,2025-10-31,5,pelayanan bagus lokasi mudah di jangkau untuk pelayanan nyaman di resto makanan nya enak pelayan nya ramah di resto juga di bantu oleh mba chika
Alfira Hernanda,2025-07-01,5,check masuk sangat cepat dan kantor depan saya sangat cekatan diberikan kamar sesuai permintaan dan sesuai jenis tempat tidur pada saat sarapan disambut sangat ramah dan hangat oleh kak sasya dibantu mengambilkan makanan untuk anak saya dan bantalnya enak banget empuk semua kebutuhan selama menginap dilayani dengan baik terima kasih grand anara akan kembali ke hotel ini lagi
Desti Mambaya,2025-10-31,5,suasana pelayanan nyaman bagus akses sangat baik selama saya di hotel saya dibantu oleh mba chika
Eng. Abdulaziz,2025-10-31,1,Saya telah dipesan di Anara Airport Hotel dari pemesanan kemudian saya mencari untuk menambahkan kamar baru kemudian saya memesan dengan salah masuk Grand Anara Airport Hotel alih-alih Anara Hotel setelah mereka dipesan sepenuhnya jadi saya meminta mereka untuk mengembalikan uang masuk 30 menit ketika saya memeriksa dengan resepsionis tetapi ketika saya meminta mereka untuk membatalkan pemesanan sementara mereka tahu masalah saya mereka tidak mengembalikan uang atau bekerja sama dengan saya
Citra Amelia,2025-07-01,5,hotel ini pilihan terbaik sih hotelnya baru bersih staf sangat membantu bahkan mau jemput tamu ataupun barang di hotel tetangganya yang kalau jalan lumayan jauh sangat membantu besar terima kasih buat mas fauzi staf concierge yang mau repot2 untuk bantuin saya dan pada saat mau checkout saya minta tahan dulu dan minta tlg titip dulu kunci kamar karena khawatir pesawat penundaan staf resepsionis juga sangat membantu terima kasih grand anara hotel
Wiwik Hastawati,2025-07-01,5,Hotel ini luar biasa sekali tempatnya bagus bersih terihat mewah dan pegawainya sangat ramah dan memberikan pelayanan yang sangat baik dan penuh kehangatan makanan di resto hotel sangat enak sekalii semuanya segar dan tidak ada yang kurang anak suka sekali makanan disini mungkin bisa lebih baik lagi nanti agar hotel ini terus berkembang menjadi lebih baik terima kasih kepada semuanya saya merekomendasikan kak sasya
Dila Maulida,2025-07-01,5,Saya gk menginap di sini hanya mencoba sarapan saja sebelum penerbangan dengan suami disambut oleh teh sasya yang sangat ramah dan ceria sarapanny dan minumannya sangat bervariasi dan sangat enak suami suka banget sama menu laksa ny terima kasih grand anara dan teteh sasya
User Rahadian,2025-05-31,3,semua pengalaman menginap di hotel ini baik kecuali saat sarapan sudut telur tidak ada staf yang menjaga alat untuk mengambil selai dan berbulan-bulan di sudut roti tidak disediakan dan masakan tidak sesuai dengan tag nama yang dituliskan di tag nama makanan bertuliskan ayam kari ternyata yang dimasakan adalah ikan kari begitu sebaliknya di tag nama makanan bertuliskan ikan filet dengan spinach ternyata yang dimasakan adalah ayam filet sepertinya koki baru salah memasak menu semoga semakin berbenah kedepannya
Andil Ong,2025-07-31,5,terletak masuk gedung parkir terminal 3 di tingkat 1 lokasi yang sangat nyaman dan semua fasilitas tidak buruk menurut review ini 4 Juli 2025 gym dan kolam renang belum tersedia
ADITYA CHAIRUL RAMADHAN,2025-07-01,5,2 kali menginap bersama istri saya sangat kagum dengan pelayanan yang sangat cepat saya menginformasi kan kepada mba syilla bahwa ada tamu yang meludah di kamar merokok lalu dengan cepat mba tersebut menginformasi kan kepada membersihkan area nya untuk membantu membersihkan area tersebut tamu lain yang tidak punya etika terimakasih atas pelayanannya dan keramahannya semua staf melihat Anda lain kali
Hasana Parker,2025-08-31,5,Wow lebih baik dari yang saya harapkan super baik dan super nyaman Terima kasih banyak untuk tria dan amelia untuk membantu saya check-in ke kamar saya awal snoothly dan untuk menjadi begitu baik
hanna,2025-05-31,5,hotel yang sangat masuk dan memesan hotel ini adalah hal terbaik yang kami lakukan di sini sangat ramah staf dan akses langsung ke bandara tanpa meninggalkan bandara adalah besar pemandangan terminal adalah tambahan untuk kegembiraan tinggal di sini satu hal yang perlu dicatat adalah bahwa fasilitas mereka seperti kolam renang restoran dan gym tidak terbuka sepanjang hari kami berada di sana pada jam operasi normal mungkin karena itu begitu baru kami hanya membutuhkan kamar yang bersih nyaman yang bagus sehingga tidak mengganggu kami khawatir tentang bagaimana untuk sampai ke sana seperti orang lain menyarankan ada
Luthfi Fachrurozi,2025-05-31,1,Tidak ada parkir gratis jadi siap2 bayar parkir ratusan ribu cek keluar bilang menunggu 3 menit tapi sampai 15 menit tidak dikabarin prosesnya sudah selesai atau belum sampai harus datangi lg resepsionis makanan sarapan sangat sedikit tidak direkomendasikan jika tidak terpaksa banget harus nginap di bandara
Dandi Saputra,2025-08-31,5,Layanan yang bagus di Grand Anara Hotel bandara amel sangat ramah dan membantu lokasi bandara yang nyaman direkomendasikan
kesya aulia putri,2025-07-01,5,mknan enak semuanya mulai dari barat sampai minuman tradisionalnya sngat bervariasi staf sbgat membantu smuany dari fo sampai resto makasi mbak sasha untk pelayanny
Wisnu Wardhana,2025-07-01,2,disini untuk antar kakak yang akan nginap untuk berangkat haji yang jadi masalah adalah rute yang disarankan oleh google maps sangat membingungkan kita diarahkan untuk masuk ke area parkir t3 internasional namun jalan yang dimaksud ditutup satpam dan kami diarahkan untuk kembali ke jalan masuk bandara dan memutar ke t3 domestik sungguh membingungkan karena peta kembali mengarahkan ke rute lain yang juga tidak bisa dilewati setelah berputar2 sampai ke perimeter luar akhirnya kami memutuskan untuk ke parkir t3 domestik dan tetap tidak menemukan jalan menuju hotel setelah teleponan dengan calon jemaah yang lain yang sudah sampai hotel baru dijelaskan bahwa hotel ini
tony toniiez,2025-05-01,3,Harap perhatikan untuk memeriksa keluar lewat dari jam 13 00 lewat dari jam 13 00 15 00 dikenakan biaya 350 0 lewat dari jam 13 00 18 00 dikenakan 750 0 lewat dari jam 18 00 dikenakan tarif 1 hari menurut saya informasi terlambat checkout ini seharusnya wajib di infokan oleh resepsionis kepada tamu saat check masuk karena ini cukup sensitif bagi tamu resepsionis blg bahwa sudah tertulis dalam bentuk tamu tetapi apakah tamu harus membaca semua s saat check masuk dan brp sih yang rajin membaca semuanya apalagi ini di bandara terutama bagi tamu yang sudah lelah perjalanan lama dipesawat atau jika resepsionis tidak ingin
Ode Sukrapernata,2025-07-01,5,sangat strategis di dalam terminal 3 menu sarapan banyak pilihan dianjurkan banget baraya terima kasih grand anara
Douglas Tabariyeng,2025-12-01,5,Yudha dan Sarah adalah pria Dewa mereka menyambut dan mereka melampaui tugas normal mereka untuk memiliki sedikit obrolan dengan saya
Vincent Dominic,2025-07-01,5,Grand Anara harus bangga memiliki anggota staf seperti Sasya dia sangat hebat dalam merawat tamu putriku althea tidak ingin makan tapi dia lembut meyakinkan dia sampai akhirnya dia melakukannya althea bahkan tidak ingin melepaskan sasya althea memeluk dan menciumnya berulang-ulang bahkan di kamar dia mengatakan saya mencintai mbak sasya begitu banyak ayah mereka bahkan mengambil foto bersama nenek sebagai kenangan terima kasih banyak grand Anara
Karin Sugiarto,2025-07-01,5,Staf F dan terutama Amelia dan tria sangat ramah dan membantu staf FB terutama Ade sangat membantu dan mengakomodasi permintaan diet khusus kami kamar 303 adalah luas dan sangat tenang semua luar biasa
anisa Ica,2025-07-01,5,Hotel sangat bersih bau baik dan nyaman abis pulang perjalanan bussines nginep disini nyaman kamarnya terima kasih banyak Mba syasya untuk layanan terbaik Anda
Herbalife Independent Member - LevelUp,2025-05-31,5,hotel di terminal 3 domestik lt 1 sebelah restoran aw sangat dekat dan akses mudah ke terminal 3 internasional kamar sangat bersih rapi dan wangi karena masih baru pelayanan staf juga sangat ramah dan membantu
Elle M,2025-01-31,5,Bahkan untuk keluarga dua anak kamar tidur kembar masih cukup luas dan bersih layanan yang sangat baik disediakan sarapan menawarkan berbagai pilihan yang ideal terletak dengan koneksi langsung ke terminal beberapa restoran makanan cepat saji dan toko kemudahan terletak tepat di luar lobi hotel kamar tipe kamar kamar kamar tidur kembar nya bersih dan luas bahkan untuk keluarga yang membawa 2 anak pelayanan sangat memuaskan sarapan cukup bervariasi lokasi strategis langsung terhubung ke lantai 2 terminal 3 domestik terdapat minimarket dan beberapa tempat makan di luar lobi
Yaron Kozminski,2025-10-31,5,Hotel transit besar Abdul Sylvia Tri adalah sangat membantu saat check-out sebagian besar direkomendasikan
Yosihira Sakura,2025-03-31,5,memiliki kesempatan untuk tinggal selama Ramadhan yang berpengalaman memiliki suhoor masuk hotel ini luar biasa staf masuk tugas adalah mr fazkha dari kantor depan dia sangat membantu dan baik untuk tamu karyawan baik Anda di sini kamar juga cukup besar untuk suami saya bersih dan staf sangat ramah pasti akan mengunjungi hotel ini dan merekomendasikan ini untuk teman-teman saya
khaza Inir Rahmi,2025-05-01,3,nginep di sini merasa dikerjain saya minjem setrika sekitar jam 10 malam ditungguin tidak dateng2 jam 11 ditelpon oleh resepsi bilangnya segera diantar tapi tidak dateng2 sampai akhirnya ketiduran tidak ada yang bagus dari hotel ini kecuali bangunan yang masih baru selebihnya besar tidak ada hotel susah ditemuin pemandangan jalan ruang tunggu bandara kamar sangat tidak kedap suara lebih parah dari hotel 300 ribu tablet di kamar sering kesalahan pegawai kaku
Budi Tirtawijaya,2025-05-01,5,kami menginap 1 malam saat pulang umroh 31 Maret 2025 pelayanan yang ramah dan sigap terimakasih sedikit masukan untuk kamar jika bisa di buat lebih banyak kedap suara secara keseluruhan sangat puas dan masuk syaa allah akan kembali lagi suatu saat
IHARA,2025-07-01,5,Aku sangat senang dengan layanan dari saat aku masuk Aku disambut oleh kantor depan tapi aku lupa mengucapkan terima kasih kepada Rafli untuk melayani saya sangat baik Terima kasih untuk menuangkan saya segelas kopi dengan senyum
Jenny Novianty,2025-05-01,5,karena pertama kali pesan kamar di Grand Hotel Anara Airport Hotel c i 17 April 2025 c o 18 April 2025 kami kebingungan kecapean dan jujur sangat kesal karena berputar putar berkali kali kesasar saat mengikuti alamat melalui petunjuk google map sehingga akhirnya terdampar di Anara Hotel Airport waktu di Anara kami yang sudah kecapean kesal dan kecewa karena lokasi ternyata ternyata salah lagi untungnya di Anara Hotel bertemu dengan concierge hotel mas rizky semoga benar namanya yang bersedia membantu kami membawakan koper bahkan membantu saya mengetirkan mobil suami saya dari Anara hingga tiba di Grand Anara Airport Hotel
ndaru mukti,2025-10-31,5,Pelayanan nya sangat bagus lah sekali staf nya sangat baik terutama untuk mas harby dia sangat membantu dan sangat bisa di percaya
anna saragih,2025-07-01,5,hotelnya bagus pelayanannya luar biasa terkhusus buat sarah mantap naikkan gajinya sangat memuaskan
Reza Cakra Bayu,2025-07-01,5,sarapan di rindu rasa restoran makanannya enak2 pelayanannya oke banget ramah2 kemaren dilayanin sama mbak sarah orangnya ramah banget dan membantu
Sri Martuti,2025-07-01,5,Untuk restoran rasanya cocok untuk makan habis semua oleh suami saya dan pendamping perjalanan layanan yang sangat baik Mba Sheila Terimkasih
Rudi Boru,2025-07-31,1,Dendanya terlalu mahal jika uangmu banyak kamu bisa menginap di hotel ini
Yudi Arya,2025-07-01,5,Secara keseluruhan saat menunggu penerbangan kita benar-benar menikmati begitu banyak ketika memeriksa masuk dan memeriksa keluar asisten oleh kak amelia dan pasca adalah menakjubkan dan super rendah hati dan baik memastikan kita semua baik
Liana Ismanto,2025-03-03,5,Alhamdulillah selesai umroh tinggal 1 malam lagi buat lanjutkan penerbangan berikutnya besok harinya dan pilihannya tidak salah di hotel grand anara terminal domestik hotel dengan pelayanan maksimum dari stafnya terutama mas berisiko baik banget ramah pelayanannya oke banget kamarnya sangat nyaman bersih lokasi sangat aman di dalam bandara sukses selalu grand anara
Lorenzo Scala,2025-08-31,5,Amelia di meja resepsi sangat membantu dan ragu-ragu biaya untuk cek awal masuk layanan yang sangat baik akan kembali
Jayatani Putri,2025-07-01,5,hotelnya mantap pelayanannya bagus menu makanannya enak pelayanannya ms sarah sangat baik melayani
Imam,2025-07-01,5,Hotel yang terjangkau dengan layanan yang baik yang terletak di bandara termjnal 3 sangat nyaman dan semua staf sangat membantu sarapan rasanya baik di Rindu rasa restoran tapi membutuhkan beberapa soundproofing ke kamar sebelah
Septian Jati Pribadi,2025-03-31,5,hotelnya bersih dan wangi pelayanannya sangat ramah oleh mas abdul dan mas triss kamarnya juga segar banget mewah hotel terbaik di daerah domestik dekat dengan konter cek masuk garuda citilink transnusa
Rofah Masropah,2025-07-01,5,sudah 2 kali nginap di sini hotelnya bersih sarapan banyak fariasinya mba syasa ramah terimakasih
Kurniawan Subrata,2025-05-01,5,Pelayanan semua ramah banget dan cepat kamar rapih bersih dan handuk nya oke banget semoga dijaga terus seperti ini terutama handuk semoga diganti berkala biar terus terjaga sarapan pagi sedikit kurang variatif saja
Cecilia Irawaty,2025-05-01,5,Pelayanannya sangat baik terkhususnya ka fahmi febrian sebagai concierge saat barang saya ketinggalan di concierge ka fahmi dan tim mau membantu mulai dari mencari packing dan pengiriman sehingga barang saya tiba di rumah dengan aman
Mark Bauer,2025-05-31,5,Aku tinggal di hotel yang bagus sangat nyaman dekat bandara ms amelia dan ms tria sangat membantu masuk menjawab banyak pertanyaan saya saya tidak akan ragu masuk tinggal di sana lagi terima kasih
Kenrick W,2025-10-31,5,layanan dan pelayanan yang bagus kamar yang nyaman rara sara
Fahmi Febriani,2025-05-01,5,hotel nya bersih dan wangi pelayanan nya sangat ramah ramah dekat dengan counter check masuk dianjurkan untuk transit hotel yang ingin penerbangan agar tidak terlambat
Kathie Carlson,2025-12-03,5,Staf dan makanan sangat baik. Okti dan yupi sangat istimewa.
Rhona Bula,2025-01-31,5,Hotel baru sangat bersih akses mudah untuk memeriksa masuk counter tidak ada yang tahu di bandara di mana hotel adalah dan mereka akan memberitahu Anda untuk pergi ke hotel lain nama yang sama yang berada di sisi lain arah dari kedatangan domestik belok kiri sepanjang jalan di akhir mengambil lift terakhir pergi ke lantai 1 belok kanan ke gedung parkir berjalan lurus sampai Anda melihat restoran makanan cepat saji kemudian belok kiri lagi Anda akan melihat hotel
Carel pieter,2025-07-01,5,Hotel yang sangat bagus masuk terminal 3 domestik memiliki kolam renang dan sarapan yang baik terima kasih atas layanan yang sangat baik sasya
Najwa Azalia,2025-07-01,5,Mba Syasya Gercep banget dalam mengambil keluar piring kotornya terima kasih Grand Anara bandara domestik
Tomtom,2025-07-31,5,Pak Fahmi membantu kami banyak aku meninggalkan barang berharga saya di sana dan dia membantu mengirim kembali terima kasih Pak
Bayuu,2025-10-01,3,semuanya bagus tapi istriku kayak sampah
riana,2025-07-01,5,Terima kasih Mba Sasya makanannya enak dan kamarnya nyaman sekali ac berfungsi dengan baik
Aris Rachmadani,2025-08-31,1,resepsionis tidak memperhatikan antrian dan mendahulukan tamu bule daripada tamu lokal
Mike Wijaya Sitorus,2025-01-31,5,Sangatt baikk serasa dirumah sendiri nyaman kamarnya bersih dari awal sudah dibantu oleh rizki dan tris sangat baik atas pelayanannya terimakasih sangatt dianjurkan untuk tempat istirahat dekat bandara
zahrotus syifa,2025-07-01,5,mungkin karena hotel baru jadi bagunan masih sangat bersih wangi dan estetis terimakasih mba sasha
Andi Rinto Prastiyo Wibowo,2025-07-01,4,Hotel nya enak dan nyaman strategis dan makanannya enak terima kasih banyak mbak sasa
Nolianto Ananda,2025-07-01,4,Hotel yang bagus di Soekarno Hatta Airport Terminal 3 Kamar bersih dan nyaman staf ramah teknologi tinggi
Nabil Faisal,2025-03-03,5,terimakasih banyak mas fahmi dibantu bawa barang 2 troli pdhl jauh sangat sehat selalu yaa sukses selalu untuk hotelnya hotelnya baru dan nyaman
Laurence,2025-05-31,3,Jika Anda bahkan makan untuk menemukannya masuk tempat pertama karena tidak ada tanda apa jadi pernah dari bandara terminal hotel gym dan kolam renang tidak masuk layanan tidak air panas masuk kamar tidak bekerja tidak repot dengan sarapan tidak kopi yang layak dan
Lebie Yoanna,2025-10-01,5,Resepsi yang hangat dan ramah Amelia dan Abdul Terima kasih banyak
迦南,2025-05-01,5,Terima kasih Grand Anara Airport Hotel Kusus kpd Amelia tria tian sebagai manajer dan petugas resepsi sangat puas menginap di hotel ini terima kasih
Afsya Ananta,2025-07-01,5,Nikmati sekali membuat liburan saya terasa menyenangkan terimkasih mba sasha yang sudah menjawab pertanyaan saya dan membantu saya
Lufenny lufenny,2025-05-01,5,disarankan banget hotel ini kamar nya sangat nyaman bersih wangi staf nya sangat ramah
Himchuli Football club,2025-12-01,5,"Terima kasih atas umpan baliknya, Bu Okti. Kau terlihat cantik."
Ayu Ariasih,2025-07-01,5,Kamarnya sangat bagus dan nyaman layanan besar dari Amelia Vaskha resepsi terima kasih
Hind Beshr,2025-01-31,5,Hotelnya begitu bersih dan sangat terorganisir hotel baru kahfi agus tris sangat ramah dan semua barangnya sangat menyambut sangat dianjurkan bagi siapa saja yang telah menunda atau membatalkan penerbangan
Pretty Michael,2025-08-31,5,pengalaman menginap di sini sangat memuaskan lokasinya juga mudah ditemukan dari parkir gedung domestik p3 setelah pintu masuk ke arah bandara langsung belok kanan sudah sampai hotelnya mewah bersih dan paling penting staf nya ramah dan aku terbantu sekali dengan stafnya fahmi toyyib dan tria yang membantu dan ramah kamarnya juga lihat memuaskan luas dan bisa pesawat dari kamarnya fasilitas kamarnya juga lengkap dan berfungsi baik lalu hotel ini satu hotel di bandara yang punya kolam renang ada perlengkapan renang anak anak juga seperti larangan pelampung dll lalu ada gym dan ruang pertemuan makanan di restoran rindu rasa nya enak enak juga
amelia fatharani,2025-01-31,5,Ini tempat yang bagus masuk bandara hotelnya nyaman dan stafnya ramah juga sangat membantu
Sandi Sandi,2025-07-01,5,secara keseluruhan pengalaman yang luar biasa staf sangat ramah dan membantu terima kasih Mba Amelia
Windy andhika,2025-05-01,5,Hotel baru dan bersih saya menginap 4 malam disini mbak tria dan mas abdul sangat membantu
Arif Suhada,2025-10-31,5,apa boleh 1 kamar di isi 1 keluarga 6 org
Megah Pertamawati,2025-07-01,5,makanannya enak terimakasih mbak sasya sudah mau bermain dengan cucu saya althea
Bader Alshehri,2025-01-31,5,Hotel yang ramah itu baru dan bagus masalah hanya jika penerbangan masuk terminal 2 Anda harus naik taksi atau menunggu bus Anda harus pergi lebih awal ke penerbangan Anda
Sari Hikmah,2025-12-17,5,hotel terbaik dan nyaman
Tsabit Lefi,2025-05-31,5,hotel baru yang super duper nyaman stafnya juga ramah ramah banget sarapannya enak kamarnya pun juga cukup luas untuk tipe suite sangat cocok untuk kalian yang ada jadwal pesawat pagi ataupun malam bisa menginap di hotel ini
Chocobo •,2025-07-01,5,terhubung ke terminal domestik soetta t3 1f pilihan yang bagus untuk penerbangan berlayar
Laras Wintang Kirana,2025-05-01,5,hotel baru belum banyak tanda kedepannya bisa diberi banyak petunjuk menuju hotel kamar bersih dan luas staf ramah
Inggrid Rheina C,2025-03-03,5,Lokasinya di lantai 1 dalam gedung bandara ada di deket bisa tanya ke petugas layanan pembersihan klo orang luar pada tidak tau
Annisa Dita Setiawan,2025-05-01,5,Grand Anara telah menguasai keseimbangan antara kemewahan dan kenyamanan Aku akan tanpa ragu merekomendasikannya kepada rekan dan teman-teman
Yani Marawali,2025-05-31,5,Cinta staf Anda persahabatan sangat membantu sekali terutama Mba tria baik kembali segera
YURIKO RITSUKI,2025-07-01,5,Sangat menyenangkan menginap di hotel Grand Anara
Ceysya,2025-03-31,5,kamar modern dan nyaman yang bersih sempurna untuk beristirahat atau menginap di malam hari sebelum penerbangan
pipin perhan,2025-03-31,5,bersih wangi baru kamar kamar sangat bagus pelayanan ramah terima kasih rizky atas foto2nya
Joko Patmono,2025-08-31,5,makanannya enak sesuai dengan ratenya
Nawawi Naong,2025-01-31,5,terimakasih atas pelayanan yang ramah dari mba amelia mas agus dan mas abdul sangat nyaman hotelnya
Agus Hidayat,2025-01-31,5,Hotel baru kamar nyaman lobby mewah dan staf sangat ramah dekat dengan gerbang 5 terutama untuk keberangkatan domestik
Ina Adiastrid,2025-01-31,5,Hotel yang bagus dan nyaman Terima kasih untuk Amelia Agus dan Egi
Gigih Perwira,2025-03-03,5,dekat bandara akses mudah layanan juga sangat sopan dan baik salam ke resepsi mereka terutama Amelia
yuditha resgiaty,2025-07-01,5,Pelayanan ramah terima kasih Mba Amelia dan Mas Harbi
Abdul azis Maulana,2025-10-31,5,untuk pelayanannya ramah dan bagus tria
JOKER,2025-07-31,1,Denda perampokan restoran terlalu tinggi
Ralf Pangalila,2025-10-01,2,pelayanan kurang baik
Hfd,2025-07-01,5,Resepsi sangat baik.
Riyo Putra,2025-07-01,5,Amelia dan tria sangat baik layanan teruskan
Marasutan Halomoan Lubis,2025-07-01,5,Hotel besar di terminal 3 rumah tangga dengan kamar luas
asep haruman,2024-12-31,5,Hotel baru kamar nyaman kamar nyaman interiornya bagus dan staf modern membantu saya sangat senang
Mhannad Q.,2025-10-01,5,Pelayanan dan kemurahan hati besar dari Abdul dan Teea
rinna indriyani,2025-03-31,5,Semua staf sangat baik membantu Terima kasih untuk Mba Amelia sebagai front officer untuk keramahan
ABU FARIS,2025-08-31,5,Tempat yang luar biasa. Semuanya bagus.
Susan Wongkar,2025-01-31,5,Staf kamar yang nyaman ramah dan tersenyum terima kasih amel dan agus
Tan Lie Suan,2025-01-31,5,Hotel baru bagus dan nyaman terima kasih Mba amel dan Agus
IMAM RIZKI ARIANTO,2025-03-31,5,pelayanan okee resepsionisnya ramah mb amelia full senyum
Haryo U Kustianto,2025-07-01,5,terima kasih sasya
Marc Meert,2025-12-17,5,hebat
neng & oenank,2025-12-01,1,resepsionis kurang ramah
Kevin Rivelino Matatula,2025-01-31,5,hotel baru yang nyaman tepat di terminal 3 domestik soekarno hatta
Creator Youtube,2025-08-31,1,tidak memuaskan
Peter Bryant Soefian,2025-05-31,2,gym belum beroperasi
Ririn Kusuma,2025-05-01,5,pelayanan memuaskan terima kasih untuk mba amel dan mba tria
annida zalfa _,2025-05-01,5,sangat nyaman hotelnya dan pelayanannya
Salsabila Karimah,2025-05-01,5,Alhamdulillah terimakasih mantap pelayanannya mba amelia dan mba tria
Widi Purnama Sari,2025-03-03,5,layanan dan pelayanannya terbaik terima kasih kak amelia kak agus
iphen phen,2025-01-31,5,Pelayanan ada kamar nya oke
aspi hino samarida,2025-01-31,5,layanan baik dan pelayanan ramah trm ksh mba amelia
M Abizard,2025-07-01,5,Kita di bantu oleh mbak amelia terima kasih
fauziah jasmine,2025-01-31,5,nyaman sekali terima kasih mas abdul sudah bantu kita
SUGENG WARSITO,2025-05-01,5,Pelayanan sangat baik kak amelia sangat ramah
anugerah body jordan,2025-05-01,5,cocok untuk transit atau yang pagi penerbangan pagi
agung maulana,2025-01-31,5,Hotel yang bagus untuk transit dibantu dengan mas abdul
khrisiyana,2025-12-01,5,Tempat bagusnya
Richard van Hillegersberg,2025-10-01,5,suasana dan pelayanan yang baik
Tubagus Ritza bahtiar,2025-12-10,5,keren merasa puas
Sri Yuliastuti,2025-01-31,5,Terimakasih pelayanan mba amelia yang baik cantik
liska syafitry17,2025-07-01,5,"Secara keseluruhan bagus. Terima kasih, Sasha."
Rufikha Eka,2025-01-31,5,Pelayanan okee terima kasih ka Amelia dan kafi
Endah Kristiani,2025-03-03,5,Terima kasih atas kebaikan staf Amelia dan Fahmi
Ruben Willian,2025-03-03,5,Pelayan Amelia dan Agus sangat memuaskan
Cake Daisy,2025-07-31,1,buruk banget
fidhanhm,2025-03-03,5,pelayanannya ramah dengan mba amalia
irwin shah,2025-01-31,5,amel dan agus pelayanan sangat memuaskan
Kurnia 2022,2025-03-31,5,seru
Heru Purwanto,2025-10-31,5,Goks banget
Nada Agil,2025-03-31,5,Sangatt nyamann
isnawati isna,2025-07-31,1,buruk banget
Sianita Tomara,2025-05-01,5,bagus
Tia Blok B,2024-12-31,5,bagus
yuri firmansyah,,5,hotel dengan lokasi yang sangat strategis dan bagus untuk semua mulai dari menu staf layanan sarapan maupun kebersihan kamarnya sangat baik
Beat Waefler,2025-12-30,5,Terima kasih Amelia kami di mana bisa menggunakan kamar di 11: 00 bahkan check inn biasanya hanya di 14: 00 hotel adalah besar jika Anda memiliki beristirahat lama akan tinggal lagi pada perjalanan saya berikutnya
fairuz syifa arifin,2025-12-27,5,Pelayanan yang sangat baik keramahan dari petugas resepsi mba tria mba amel sangat membantu diperbolehkan check masuk awal tanpa kena biaya terima kasih grand anara untuk keramahan anda
akun gagah 77,2025-12-26,5,kamar dan toiletnya bersih dan sangat nyaman saya sangat menikmati menginap di hotel grand anara dan spa nya juga sangat merekomendasikan terapinya bagus saya di pijat langsung
Byanka Rayanfitiari,2025-12-26,5,hotel mewah dengan lokasi yang sangat strategis mudah ditemukan karena langsung dari lobi parkir terminal 3 domestik lantai 3 tepat di samping a w pelayanannya sangat baik kami disambut dengan ramah oleh mba tria dan mba amelia
Ridwan Yusuf,2025-12-26,5,Resepsi bernama tria dan amelia sangat ramah sopan dan pelayanan sangat baik lokasi dekat dengan parkir domestik lantai 1 sangat cocok untuk nginap untuk perjalanan domestik
Natasya Yunita,2025-12-24,5,resepsionisnya ka tria dan amelia orang nya ramah dan cepat pelayanannya kamarnya bagus dan harga sesuai
Ryo,2025-10-01,5,Secara keseluruhan saya sangat puas dengan masa inap saya saya menginap di bandara pada hari keberangkatan dan sehari sebelum kepulangan dan saya berharap bisa menginap di sana pada malam kedua tersebut
S “L’explorateur”,2025-10-01,3,Kami menginap di hotel ini sebentar sebelum mengejar penerbangan kembali ke Paris apakah hotelnya lumayan hanya saja kita bisa mendengar semua yang terjadi di lorong rasanya kurang menyenangkan dibangunkan pukul 6 pagi karena ada
