"No","User Name","Review Count","Review Time","Rating","Review Text"
"1.","Intan","7","2025-12-01","5","Nginep di Hotel Rollaas rasanya nyaman banget, apalagi suasananya tenang dan dikelilingi kebun teh. Udara di sini dingin, jadi bawa jaket itu wajib. Kamarnya bersih, luas, dan ada air panas. Staff hotelnya juga ramah dan cepat bantu kalau butuh apa-apa. Yang paling seru, setiap pagi dapat teh hangat gratis sambil lihat pemandangan kebun teh. Area camping ground-nya juga oke banget buat yang mau suasana outdoor. Untuk makan, ada resto dan warung di sekitar, jadi gampang cari makanan. Sinyal memang agak susah di beberapa spot, tapi bisa minta WiFi di resepsionis. Pembayaran sudah bisa pakai QRIS, jadi praktis. Overall, hotelnya nyaman, suasananya adem, dan cocok banget buat healing."
"2.","Singgih Setiawan","154","2025-12-04","5","Kalau malam suka banget dengar suara alam di hotel ini, tidur berasa nyenyak dengan suasana yang adem. Saat pagi datang, kita bisa menikmati segarnya udara pagi dengan secangkir teh hangat."
"3.","yah akun","26","2025-08-01","4","Hotelnya vibenya adem sejuk meskipun kalau malam agak horror karena sekitar masih kebun dan hutan, ditambah bangunan pabrik yang lama. Tapi view pagi n siang hari bagus & asri. Pesan kamar deluxe double balcony, dapat kamar paling ujung dengan view kebun bambu. Kamar bersih, kamar mandi juga cukup modern n bersih,tersedia air panas. Tidak ada ac namun malam hari sudah sangat dingin. Tv besar n sudah Android tv, ada kulkas untuk simpan makanan. Sarapan pagi enak walaupun menu terbatas. Pilihan aktifitas hotel lumayan banyak,jadi menginap 1 hr rasanya kurang. Next akan menginap lagi disini."
"4.","Abdian Setianto","79","2025-08-01","3","Kenapa bintang 3? Harga sebenernya terjangkau, tapi tidak worth it dg fasilitasnya. Kamar cukup luas, tapi kurang bersih, ada kusen pintu dan furniture yg keropos dimakan rayap, alhasil kotor di lantai. Banyak semut juga. Resto hanya berfungsi utk tempat breakfast saja, jd klo malem hrs keluar ke tea house. Sinyal wifi lambat, sinyal tv jg putusÂ². Menu breakfast minim ya, dan g bebas ambil sendiri (diambilin petugas). Sayang banget klo g dibenahi, perlu pengembangan lg krn lokasi dan suasananya sudah enak banget buat healing dr perkotaan bersama keluarga."
"5.","hans vtoni","13","2025-09-01","5","Lokasinya bagus, berada di area kebun teh ptpn01, ada beberapa fasilitas dan kagiatan yang bisa dilakukan disini, jeep,atv,kuda tracking ke bukit kuneer. Kalau menginap disini tidak perlu lagi bayar tiket masuk. - Kamarnya bagus dan cukup luas. - Sarapanya kurang begitu bervairasi dan rasanya standar. - stafnya ramah - fasilitas pendukungnya oke"
"6.","Afan Muzaki Alfuad","69","2025-10-01","5","Hotel yang nyaman.. Suasananya tenang cocok untuk menyepi dan buat refresing.! Sekitar hotel banyak kebut teh yang terhampar hijau membuat suasana jadi tenang dan adem.. Layanan nya bagus dan sangat membantu.."
"7.","Dimas Almuchizun","31","2025-08-01","5","Hotelnya nyaman dan bersih, sarapannya enak. View yang saya dapat di kamar 211 bisa langsung lihat Kebun teh dan gunung Arjuna. Sy menginap sama istri saya pada hari Jumat, 4 Juli 2025. Mantap deh sukses terussss"
"8.","M T","34","2025-10-01","1","Minta sarapan pagi saja di jatah, pegawai nya jutek pelit & ngomel2 kalau di mintain makanan, di mana mana itu hotel gak ada yg seperti itu.. Mending tutup saja Dan inget ya, juga hotel ini banyak makhluk halus nya"
"9.","Bikhatul Febri","28","2025-06-01","5","Sy pengunjung di kamar 209 Berkunjung di bulan Februari 2025 Sy menginap bersama keluarga dan mjd tamu satuÂ²nya Saya suka menginap di Hotel Rollaas and Resort. Kamarnya bersih, pelayanan oke, ramah. View pas malam bagus yaa.. jalanan menuju hotelnya ada cahaya lampuÂ² okee bgt. Klo pas pagi bisa jogging juga sekitar hotel dg view taman yg indah. Air hangat berfungsi dan lumayan bersih kamar mandinya.. Mungkin di sini kekurangannya hanya tidak ada lift dan AC. Tpi tdk apaÂ² sdh cukup dingin. Lantai kamar mandi bisa dibersihkan lebih kinclong lagi krn menurut sy agak sedikit licin lantainya. Ohya, mungkin yg bisa ditingkatkan lagi serve dri pegawai utk membawakan koper dan tas kami krn kami bawa 2 anak yg kecilÂ². Hehehe.. kmudian jg sarapannya agak telat ya sktr jam 8.an nunggu suami sy telfon dlu baru diantar.. masakan cukup enak. Dan yg paling bagus mnrut saya adalah kejujuran yaa dri pihak hotelnya. Charger hp samsung ori sy ketinggalan di hotel dan baru saya ambil 2 minggu kmudian masih disimpan dg aman dan tdk mau diberi tips pegawainya. Sgt berintegritas ya.. ğŸ˜Šâœ¨ï¸"
"10.","almaidah ilmi","26","2025-09-01","5","Banyak berbagai macam kegiatan, bisa buat kumpul dan seru-seruan. Weekend sangat padat tapi parkirannya luas. Harga terjangkau free tiket masuk renang, wahana mini Jeep, dan sarapan."
"11.","Hadi Kaimudin","7","2025-07-01","1","Sorry to say Saya book kamar deluxe dengan harga 500an sudah pelunasan h-1, pas dateng di lokasi sejujurnya view dan suasana hotel sangat bagus, tapiii ini awal saya kecewa itu nunggu check in lama bangettttttt bisa 10-20 menitan padahal di hotel2 lain satset entah apa yg bikin lama, abis itu masuk lah saya ke kamar dan ternyata ga sesuai sama yg saya book yaitu kamar deluxe dan kasur besar ternyata yg dikasih ke saya 2 kasur single saya tegur lah itu bapak2 yg bagian resepsionis dan dia beralasan kalau kamar udah full padahal saya sudah dari tgl 27 ada booking pelunasan kamar dan ini water heater sampai saya sudah pegang kunci dan masuk kamar ternyata belum di setting sama mereka, jujurrr saya sangat sangat kecewa sangat di sayangkan hotel bagus dan suasana bagus kenapa harus kayak gitu pelayanan nya.. ini kalau bukan bumn udah ga bakal lama, belum lagi pegawai segitu banyaknya cuma jadi pajangan di depan. Satu2nya yg bisa dikasih nilai plus yaitu breakfast yg cukup enak. Sekian unek2 dan pengalaman buruk dari saya.."
"12.","Triaji Priyambodo","96","2025-06-01","5","Kamar hotel cukup nyaman, makanan lumayan, view sangat bagus. Ada beberapa hal yang perlu ditingkatkan. Misal kaca buram kamar mandi yang masih terlihat jelas dan akses untuk lansia. Misalkan ada selasar dari jalan ke kamar hotel lantai 2, tentu akan meningkatkan kenyamanan"
"13.","Hasan DF","68","2025-09-01","5","Lokasinya berada di lingkungan perkebunan teh yg sedjuk. Dengan hawa pegunungan lereng arjuno dan bangunannya sangat iconic dengan arsitektur jaman dulu. Sangat pas untuk yg mencari tempat yg kental dengan nuansa jaman dulu"
"14.","Ayu Kanaya Ramadhya","33","2025-11-01","5","Kapan lagi menikmati suasana kumpul keluarga di hotel rollas. Tempatnya nyaman, pelayanannya cepat, dan bersih"
"15.","Bagus Permadi","12","2025-09-01","5","Kamar tidur bersih dan bebas serangga, kamar mandi bersih dan bebas bau. Pelayanan semua staff ramah. Menu breakfast enak"
"16.","Ricky Riyanto","4","2025-07-01","1","Pelayanan buruk, kamar gak sesuai pesanan, saya pesan kamar lantai 2 dengan view alam, malah dapet yg lantai dasar dengan view gundukan tanah. Harusnya kasur yg double malah dapet yg twin. Sayang bgt dengan design dan view yg bagus tp pelayanan resepsionis ga profesional"
"17.","Tirza","24","2025-10-01","4","Sarapan bisa ditingkatkan Terimakasih boleh check in lebih cepat Ruangan tanpa AC tapi sudah sangat dingin"
"18.","Gustiawan Godi","577","2025-04-01","2","Aku ambil kamar pojok lantai 2 saat bulan Ramadhan dg harga paket Rp 485.000 dimana lebih mahal Rp 100k dibanding kamar lainnya karena balkonnya hadap kebun teh. Viewnya bagus tapi sayangnya kamar tsb kotor; lantainya ternyata hanya lapisan plastik motif kayu, dimana dipojokkan sudah terlepas dan banyak serangga bersarang disitu. Komplain ke hotel hanya dibersihkan pakai sapu; aku minta disemprot Baygon, habis satu botol kecil baru hilang koloni serangganya. Ditambah lagi wastafelnya miring hampir copot dari dinding serta kran tidak lancar keluar airnya. Kasurnya kurang enak dan aromanya pengap, mungkin karena tak pernah disirkulasi udaranya. Sarapan cuma dapat soto ayam soalnya lagi bulan puasa. Di kamar hanya dikasih 2 botol air minum ukuran kecil (300 ml). Minta tambah gak bisa, harus beli. Tidak ada AC dikamar, sepertinya akan panas di musim kemarau."
"19.","Safreno","270","2025-05-01","5","Cocok bagi yg suka ketenangan dengan hawa sejuk. Saat ke balkon lebih baik segera tutup pintu kembali karena sangat wajar di perkebunan, apalagi saat berkabut, ada serangga hinggap atau terbang. Hotel, kamar, toilet bersih, pelayanan baik, makanan juga enak2 walau beberapa menu tidak siap karena pesan malam2. Suka berlibur disini karena banyak wahana wisata (playground, geopark, balon udara, dll) dan mini adventure (bukit kuneer dan sekitar perkebunan: jalan kaki atau sewa kendaraan), dan paket wisata lainnya."
"20.","maulana Anwar","1","2025-10-01","5","Kamarnya nyaman.enak dan sejuk.bersih dan fasilitasnya lengkapğŸ¥°ğŸ’—"
"21.","Dadik Baktiawan","3","2025-06-01","1","PELAYANAN BURUK dari check in harus nunggu kunci hampir 1 jam. Water heater trouble sudah laporan sampai datang ke front office 3x terkesan cuek, beruntung BUMN klo tidak pasti gak lama akan tutup"
"22.","H 15","7","2025-03-01","4","Semuanya bagus dan cocok untuk saya. Tenang, bersih, pelayanan nya ramah, pemandangan nya super sekali. Minusnya kebetulan saya dapat kamar yang pintu belakang nya gak bisa dikunci, dan ada sarang serangganya di pintu belakang. Mungkin bisa di tingkatkan lagi kondisi kamar yang jarang terpakai. Dari semuanya keluarga saya sangat menikmati susana, pemandangan dan adem nya. Sepertinya ingin kembali lagi krna suasana dan pemandangan nya. Terimakasih"
"23.","mikhael","5","2025-01-01","2","Tepatnya lumayan(resto, taman, dll), view dan lokasinya sendiri sudah bagus. Tetapi untuk kamar hotelnya bisa dibilang ada banyak hotel dibawah ~700k (harga holiday sepertinya) yang kualitasnya jauh lebih baik dari ini: Kamarnya terdapat bau lembab/jamur(saya juga enggak tau), dan di kamar mandi baunya lebih aneh. Sudut kamar kotor, kasur lembab dan bikin gatal, televisi pilihan channelnya enggak banyak. Noda di cover kasur, rasanya cover kasurnya tidak pernah diganti.. dan ada serangga di kamar mandi. Mau saya kasih sesuatu yang postif.. tapi enggak tahu apa yang membuat hotel ini lebih baik dari yang lainnya selain lokasi. Dari penampakannya, kamar hotelnya terlihat tidak terawat, enggak terlalu parah, tapi hotel lain lebih terawat menurutku."
"24.","hilman cordova (palala minang)","174","2025-06-01","5","Alhamdulillah MasyaAllah Hamparan kebun teh Suasana yang tenang dan bersuhu dingin Hotel berada di tengah2 kebun teh Dan ada pabrik teh juga Anak2 bahagia bermain sambil belajar"
"25.","Irwant","9","2025-01-01","2","Tgl 3-4 nov 24 menginap dihotel ini. Lewat agoda 2 kamar. Harapan sy terlalu tinggi utk hotel dgn harga lebih dr 450k/kmr. Seharusnya 200-250k sdh termsk bf. Pegawai hotel g ramah, Ada tamu juga gak greeting. Kamar pintu rusak, lembab, noda di bed. Bersemut, heater air mandi mati, kabel shower rusak, berlalat dan TIKUS bolongin roti ketika kami kluar(serius!). Ga ada AC, untunglah malam adem. Kolam renangnya, hanya bs entry 1x. Lantai Kotor, berkarat disana sini (apalagi kotak dipinggir tengah kolam). Breakfastnya biasa saja. Perorg/1kupon dan dibatasi utk makanan utama, snack dan minum bebas. Akhirnya hotel BUMN ini hanya menjual view lereng gunung dan tumbuhan teh bkn fasilitas."
"26.","erry tiora","4","2025-09-01","5","nyaman banget buat tempat istirahat after capek jalan jalan liat view cantik"
"27.","Moh husin","1","2025-08-01","4","Tempatnya nyaman . Dan banyak sport wisatanya serta dapat beridukasi di pabrik teh ctct"
"28.","Febrianto Simanullang","36","2025-01-01","2","Pengalaman 29/07/2024. Kamar mandi bau. Air panas tidak bisa digunakan. Hotel tidak well maintained. Tempat tidur keras banget kayak tidur dibatu. Shower yang handel tidak bisa digunakan. Selimut ada bercak noda. Hotel nya sangat tidak terawat banyak kerusakan. Oya kalau mau nongkrong di pendopo di luar jam operasionalnya, jangan berharap ada pelayan. Karena HARUS PESAN KE RESEPSIONIS. Yang membuat guest bolak balik. Jadi ga cocok untuk kerja sore hari atau nongkrong sore. Makanan dari cafe nya ga enak. Jangan pernah pesen mie kuah deh. Seperti mie nya indomie. Keramahan resepsionisnya 100. Tapi untuk petugas breakfastnya ampun deh jutek banget. Terus di lorong naik ke tangga itu ada bau ga enak. Sama kasur berserakan di bawah tangga. Ampun deh berantakan banget. Untung disana dingin dan alamnya bagus. Kalau hotelnya score 3 dari 10."
"29.","EL","23","2025-01-01","5","Hotel tua , yang direnovasi dikit dikit. Kamarnya luas, lokasinya enak dingin, walau ngga pake AC ngga gerah sama sekali, parkirnya enak. Kolamnya belum sempet masuk, krn agak jauh dr hotel. Cafe yang makanannya enak di Tea House. Soto nya rekomen bangettt. Minumnya oke semua, snack juga oke. Harga masih oke dikantong Pemesanan enak pake traveloka, pake agoda agak ruwet pas nyampe receptionis . Hallnya cukup luas buat acara. Toilet cukup bersih walau ada kecoa, lebah sama kodok masuk kamar. Ada fasilitas lain sepertj kereta kelinci 10 rb buat keliling kebun teh"
"30.","Fara Dilla","12","2025-01-01","5","Tempat yang sangat indah, penuh keheningan. Cocok untuk menenangkan suasana hati dari keramaian kota. Makan malam di resto yang syahdu tenang dan hanya ada suara mesin pabrik yang bekerja... Entah kenapa wifi di kamar tidak bisa tetapi kalau kita di luar ruangan atau diluar hotel jaringannya bagus. Hotel bersih, mungkin karena saya suka memperhatikan setiap sudut ruangan, untuk di area kamar dibaagian sudut atau tepi kurang rapi atau bersih. Tolong lebih diperhatikan lagi setiap sudut ruangan di dalam kamar."
"31.","Fifi Mafaza","6","2025-02-01","1","Seperti nya ga mau mengulang kesini lagi...pemandangan kebun teh sih bagus banget tapi hotelnya lebih banyak kecewanya...lantai masih kotor...pinjam sapu eh sapunya lebih kotor...kolamnya not recomended ga layak poll ga jadi berenang karena so kotor banget airnya ga dibersihin...kecewa"
"32.","Kartika FH","9","2025-01-01","3","Minta tolong banget sama staff kalo udah malam ada tamu rame ditegur. Udah 2 Jam an Tamu sebrang kamar berisik banget dangdutan & ga ditegur staff hotel. Padahal hari kami stay banyak lansia stay loh. Sampai pk 09.30pm up Dangdutan dan berisik. Ganggu banget ga bisa istirahat. Please yang mau stay beradab but please manajemen hotel juga ada aturan, minimal ditertibin tamu yang ganggu malam di jam istirahat"
"33.","Miss Inge","184","2025-01-01","4","Hotel yg terletak di kaki gunung arjuno, dengan akses menuju Buduk Asu dan Hamparan perkebunan teh di sekeliling hotel. Merupakan daya tarik tersendiri ya. Utk hotel, tergolong hotel tua. So far oke2 aj semua. Mulai dr service hingga room ny. Cuma yg agak mengganggu adalah letak bangunan resto/cafe terpisah dg hotel. Dan jaraknya lumayan jauh utk menuju k sana. Ibarat kata nih.. Klo ingin makan atau ngopi malam2 kita tdk bisa lgs turun k resto/cafe, tp hrs naik kendaraan dl, dan itu jalannya gelap sekali."
"34.","Arif Agung","6","2025-08-01","5","Hiddem gem d Malang, andai managementnya sedikit pintar mengelolah pasti jadi tujuan fav warga jatim ğŸ™"
"35.","Dini Prasetyo","12","2025-01-01","5","Pelayanan, makanan, penginapan dll aku kasih nilai â­â­â­â­â­ subuh2 nge-teh sambil denger kicauan burung, top banget deh ğŸ‘check in hari minggu, alhasil disana jadi satu-satunya keluarga yg nginep. Tenang banget, ga ada yg berisik sampe malem. Nginep di Hevea Room, satu-satunya kendala cuma water heaternya aja yg ga nyala, kebersihan toilet, kamar, lantai, dll bagus."
"36.","Agus S","166","2025-01-01","5","Udara sejuk dan dingin, enak untuk camping bersama teman, ada penyewaan tenda, fasilitas KM dan WC serta aliran listrik cuma perlu bawa kabel panjang sendiri sama penerangan sendiri kalau kurang terang. Dekat kolam renang juga. Petugasnya ramah+ramah. Untuk pengelolah mohon pelayanannya dipertahankan jika perlu ditingkatkan, termasuk sarana atau fasilitas yang ada ditingkatkan juga. Semoga pengunjung tambah banyak dan senang. Terima kasih"
"37.","IHWAL PRAJA PUTRA PRATAMA","251","2025-07-01","5","Meski tanpa AC Dan Water Heater namun sangat cozy banget tempatnya. Banyak aktifitas yg bisa dilakukan."
"38.","Hardi Z","374","2025-07-01","5","Depan hotel punya area camp yang besar, jadi jika ingin tidur bersantai top markotop"
"39.","Mahendra Cahya Pra Setyawan","211","2025-01-01","5","Cocok untuk mendinginkan pikiran. Sinyal Telkomsel di dalam ruangan sangat buruk, walaupun ada WIFI tapi hanya menjangkau area lobby, itupun rebutan dengan user lain, mungkin karena terbatas yang bisa ditautkan ke jaringan. Kamar 208 WIFI hanya menjangkau area balkon, sinyal telkomsel 0. Breakfast enak, hanya kalau di atas jam 8:00 banyak yang habis. Saran hanya untuk WIFI dibenahi agar pengguna ponsel tetap bisa connect walau sinyal buruk."
"40.","Kenneth nata","22","2024-01-01","1","cukup shock dengan kebersihan kamarnya. dgn harga 700rb, sepertinya bisa lebih baik lagi. proses check-in dan check-out lama sekali. flooring kamar lembab bergelombang. wallpaper di tembok mengelupas, seperti banyak berjamur. toiletnya bau, banyak kerak kuning, dudukan wc goyang2. wastafel mau lepas. handuk ada zat besinya, nempel karat2 sepertinya. debu di kamar amazing. sprei kotor, sepertinya tidak diganti dari tamu sebelumnya, banyak rambut dan kotoran. untung staff nya masih mau ganti setelah diprotes. sprei, bantal, dan selimut lembab. sepertinya di sebelah kasur sebelumnya ada nakas tapi entahlah tidak ada semua, jadi desain semi unfinished. teko pemanas air dan kulkas berjamur. kurang tau kapan terakhir kali dibersihkan. jalan menuju kamar dari lobby sebaiknya ditambah kanopi, biar tamu tidak mandi hujan sebelum masuk kamar. sepertinya kamar perlu diberi peredam. suara rombongan masuk semua. sebenarnya view nya bagus, alangkah baiknya lebih dirawat lagi kondisi kamar dan bangunannya"
"41.","Alwi Hasni","125","2025-01-01","3","tolong sediakan kursi sebanyak2nya di area kebun teh bos, keliling area kebun teh capek hlo, orang udah bayar kok ga ada kursi di area, kalah sama taman2 di kota sby, udh gratis byk kursi."
"42.","dhini eka","5","2025-02-01","2","cek in nya lama banget bangeeeeet bangeet sampe BT di lobi, mana hujan deres gabisa ngapa2 in dateng dari jam 12, katanya cek in jam 2, jam 3 belum bisa masuk kamar ğŸ˜­ğŸ˜­ğŸ˜­ğŸ˜­ masuk kamar lantainya masih basah, bukan lembab habis di pel tp emang masih basaaaaah banget ğŸ˜­ğŸ˜­ğŸ˜­ğŸ˜­"
"43.","Alfi Inayah","4","2025-01-01","2","Bangunan tua terkesan sedikit singul Kebersihan kamar tidak benarâ€ bersih. pojokâ€ kamar kotor berkerak debunya. Lampu kamar mulai redup. Lampu tidur mati."
"44.","Arviyanti Admiwijaya","4","2025-01-01","5","Bermalam beserta keluarga di Rollas Hotel , kamar bersih, tempat menenangkan, tersedia cafe dan resto dengan harga yang terjangkau, wahana dengan nuansa adventure , bukit kuneer dan arjuna geopark viewnya bikin adeem ayem tentrem ... gak rugilah"
"45.","searsolino terry nugraha","21","2024-01-01","3","Sebenarnya ini salah satu tempat favorit saya. Suasana yg tenang dan nuansa alam. Value for money. Pelayanan tim sales sudah sangat baik. Sayangnya sarana dan fasilitas hotel sangat kurang termaintain, sehingga tim teknis kesulitan menangani komplain. Yg paling parah 6 kamar yg kami booking tgl 31 des airnya mati semua di pagi hari tgl 1 jan, saat jam2 krusial untuk mandi pagi. Terpaksa menunggu kamar lain checkout, pakai kamar mandi bekas tamu lain. Padahal di blok timur airnya aman. Wastafel juga sdh mau copot. Kamar lembab. Lampu kamar dan lampu kamar mandi redup. Mohon kepada manajemen bisa lebih concern terhadap sarana hotel, agar bisa lebih baik lagi ke depannya"
"46.","Ayu Permatasari","9","2025-01-01","3","Saya kesini thn 2019. Kamarnya maaf bau pup. Lembab. Breakfast diambilin menunya soto dan pecel dicampur wkwkw. Tapi aku suka bgt ambiencenya tenang banget. Cuman dibukit kuner sekarang hiburannya ditutup. Padahal dulu seru bgt naek jeep"
"47.","alif nawal faridiyyah","67","2025-05-01","5","Tempat menginap di area perkebunan teh Wonosari milik PTPN , Kalau mau cari IG nya Wisata Agro Wonosari, mudah untuk reservasi , masakannya lumayan enak"
"48.","Dona Sumenda","8","2025-01-01","3","Baru pertama menginap di sini.viewnya saya suka..suasana hotel jg tenang..cocok untuk menenangkan pikiran. dapat kamar di lantai atas.kamar seperti kurang kebersihannya..bau lembab..wifi tdk bisa alesannya kesamber petir (harusnya ada diskon dong).. Lalu baru kali ini dpt hotel yg breakfast di ambilinğŸ˜€padahal tamu jg lgi dikit. Saya jg nambah extra bed 1 dan lgsung saya bayar..tapi pas checkout malah di tagihkan lgiğŸ˜"
"49.","Primitha Asqofi","11","2024-01-01","5","View hotelnya bagus banget, udaranya sejuk, sunyi tenang dan damai bener-bener cocok untuk healing. Pelayanannya juga ramah. Gak ada AC karena udah cukup dingin juga. Kekurangannya khusus kamar 205 jet showernya bocor jd nyembur terus airnya, tissue toiletnya abis, stok tissue yg di rak kabinet terlalu sedikit, & tehnya udah kadaluarsa. Semoga bisa lebih diperhatikan lagi ya."
"50.","Dyah Bundaaira","41","2024-01-01","3","Lokasi hotel paling pinggir dari area perkebunan, dari parkiran lapangan ke hotel jauuuuuhhhh. Sekelas rollass spreinya gak diganti walaupun ganti tamu Krn di room yg saya tempati ada noda di sprei. Tamu check out tidak lgsg di bersihkan kamarnya, kalaupun dibersihkan jeda satu hari yg diambil hanya handuk kotor saja, spreinya tidak. Breakfast cuma satu menu dn tidak bisa memilih diambilkan pula. agak kecewa wkt breakfast nya, Kalau malam lampu koridor dimatikan gelap gulita pdhl di lantai itu saya menginap, harusnya petugas mengecek ada tamu atau tidak,ini dimatikan seolah tidak ada tamu sama sekali. Jadi horor banget di lantai itu cuma saya yg menempati. Sayang banget sekelas rollass begitu treat nya padahal view nya dah bagus banget"
"51.","Arie Amri","855","2024-01-01","4","Resepsionis baik, hanya jam Check in tidak tepat waktu.. Molor sampai lebih dr 30 Menit.. Fasilitas lumayan, kamar bersih, balkon nyaman buat Ngopi.. sepaket dapat wahana ATV dan KencroTown.. Depan Hotel ada Fin Komodo.. bisa buat sewa untuk naik ke bukit Kuneer biaya 500rb. Untuk sarapan ndak prasmanan ya, lauknya di ambilkan yang jaga.. jadi sungkan kalo mau nambah.. Kolam renang ikut umum di sebelah Hotel.. Hanya dapat tiket 1x masuk.. Overall Recommended.."
"52.","Rizka Wulandari","9","2025-09-01","5","Fasilitas yang bagus Kamar luas Memiliki view yang indah"
"53.","05. Alfito P. M.","18","2024-01-01","5","tempatnya bagus, strategis juga buat wisata, pemandangan hotel bagus menghadap jurang kebun teh, ada kolam renang di sebelah tetapi harus beli tiket masuk lagi. dan kebetulan, saya dapat kamar yang bau yang mungkin baunya berasal dari kayu yang lembab, tetapi kami ditawarkan untuk ganti kamar. teh rollaas yang saya dapat juga sudah exp pada 5 hari yang lalu. nilai dari saya... 8,5/10 ğŸ¤©"
"54.","Abdul Rahman","206","2025-01-01","5","Dengan harga 400an udah lebih dari cukup, kamar nyaman, adem bgt walau tanpa AC, pemandangan oke, gratis masuk ke area wisata dan kolam. Terimakasih, semoga ditingkatkan kebersihan dan menu sarapannya."
"55.","Gde Bagus Prahastio","39","2024-01-01","5","Kamar dan servisnya sepadan ya dengan harganya, tapi keseluruhannya pegawainya ramah layanannya lengkap. Harga makanan dan minuman cukup terjangkau, diharga 20 ribu keatas. Lokasi hotel yang paling menarik, di sebelah kebun teh dan hawanya adem. Seharian terdengar bunyi serangga dan burung, tenang dan nyaman."
"56.","Catherine Yoke Wijaya","28","2025-01-01","5","Kalau pas lumayan dapat harga 300rb di marketplace.. Palingmurah agoda kemarin.. Satpamnya baik.. saya dpt kamar lantai 2. Water heaternya bau gas.. Ada amenities sandal, handuk, sabun shampoo cair, sikatgigi 2. Breakfastnya biasa diambilin isinya nasi, tahu telor , oseng tahu , kerupuk1bks, puding, soto, teh kopi, infused water timun. TV nya ngga bisa nyala besoknya.. Kamarsebelah juga diganti TV nya. Jalan kaki hampir sejam ke bukit kuneer"
"57.","wiwin setiabudi","817","2025-01-01","5","suasana tenang, udara sejuk pemandangan hamparam kebun teh parkir luas dan lahan nya besar sekali. receptionis nya ramah kamar juga bersih dan adeeeemmmmm euy....lokasi dari kota malang ga jauh. Jalan menanjak sesampai di sana akan disuguhin hamparam kebun teh."
"58.","Stefen Ha","17","2024-01-01","1","Hotel bangunan lama dalemnya, heater kmar mandinya panas kepanasan dingin kedinginan gak nyaman, kasurnya bau. Sewa jeep ke bukit kunner, jeepnya kuotor gak terawat, bayangan awal spt naik jeep di merapi/bromo tp ini beda 180 derajat, jalur jeepnya parah full 95% batu2 besar, gak rekomended sih, sampe bukit kuneeer juga spot fotonya biasa aja. Not rekomend buang2 waktu"
"59.","dita kurniawan","7","2024-01-01","1","Tidak ada AC padahal saya sekeluarga tim pecinta AC, sarapan prasmanan tp yg bagian lauk dibatasin 1 kupon 1 lauk, kalo kayak gitu mending jangan prasmanan, ala carte aja dikirim kkamar. Mau nambah mie aja gak boleh katanya buat tamu yg lain. MasyaAllah sekaliii. Late ceckout gak ada. Jd bener2 jam 12 tet harus keluar. Lbh dari itu kena cash tambahan. Kalo hotel swasta biasanya sampe 12.30 atau 13.00 masih ok ndak kena cash tamabahan. Baru kali ini ketemu aturan hotel seperti itu."
"60.","Yanuar Maryono","51","2024-01-01","3","Kamar okelah Service ini yang parah, lapor ke reception 2x lampu kamar mandi redup, gak ada teknisi yang datang sampai kami check out. Saat mau check out air gak mengalir, gimana mau mandi? WIFI hidup nyala Overall, average place to go"
"61.","Dea Khayatri","26","2025-03-01","5","Pemandangan dari kamar langsung tertuju pada kebun teh... sangat cocok untuk liburan baik bersama keluarga atau teman"
"62.","Novaqz Triwulandari","18","2025-01-01","5","Suka banget disini. Menunggu kabut datang. Cuman yg bikin agak kecewa, sdh booking dan memastikan lewat wa request kamar. Di oke kan ternyata mbeleset terus. 2x lagi. Terakhir bahkan mau di geser ke lt 2. Padahal sdh oke lantai 1. Sdh DP bayar jg. Alasan misscom dg shift sebelumnya. Lah yg kmrn jg misscom yg ke 2 juga. Hehehehe... Klo sdh booking dan DP bukannya kamar lgsg bisa di lock u pemesan lain. Shg tdk geser2 yaa. Tapi mbak2 nya ramah dan sabar banget merespon keluhan kami. Bintang deh 5 u Rollaas Hotel"
"63.","Agysta Yoso","51","2025-01-01","4","Bagi yang butuh ketenangan dan suasana pegunungan, bisa dicoba staycation disini ya!. Selain hotel, ada vila dan camping ground jg. Namun.. sayangnya untuk fasilitas kamar hotel butuh di upgrade ya.. kurang worth it aja sih dengan harga rate segitu tetapi fasilitas kamar masih kurang, misal dinding yang sdh ngelupas, kasur lumayan keras dan gatal, wifi kurang kenceng padahal kamar di lantai 1, dsb. Oiya.. ada cafenya jg, jd tidak perlu jauh kalau mau beli makan/snack"
"64.","Paulus Yunus","44","2022-01-01","1","Kebersihan kamar sangat kurang, Krn sarung bantal bau kepala orang(mungkin tdk diganti), wallpaper byk yg terkupas, kunci kamar bermasalah, toilet bau. Dan yg lebih menjengkelkan, ada grup lain yg mungkin merasa byk jumlahnya, membuat keributanyg cukup mengganggu tamu lain, dan tdk ada teguran dr petugas hotel. Untuk view cukup bagus."
"65.","Anissa Kurnia","46","2024-01-01","4","Seharusnya bisa bintang 5, sayang pelayanannya..... Sy menginap 3d2n, di hari ke-2 sempat meminta pelayan merapikan kamar. Tp hanya dirapikan seadanya, meja masih berantakan, tempat sampah yang tidak penuh tidak dibuang dan selimut hanya dirapikan bagian atas saja, sedangkan selimut lapisan bawah masih benar2 berantakan. Untuk sarapan sistemny bukan all u can eat, satu kepala hanya disajikan satu porsi, untung rasa masakanny lumayan"
"66.","Nantok Aina","8","2023-01-01","5","Tempat ini recommended untuk dipakek menginap, berlibur, atau sekedar melepas penat. Berada di area pegunungan, dataran tinggi, yang sejuk saat siang serta duingin ketika malam. Viewnya gak mengecewakan. Ada tempat untuk berkemah. Dilengkapi dengan fasilitas toilet atau WC umum yang bisa diakses sewaktu-waktu. Kalau dilihat kondisinya, Toilet yang di luar ini secara periodik (mungkin tiap hari) selalu dibersihkan. Sebab nampak bersih dan saluran air kotornya tidak buntu. Hampir setiap yang masuk toilet ini alas kakinya membawa tanah. Makanya rawan buntu"
"67.","Gani Kurniawan","863","2020-01-01","5","Sempatkan datang ke Rollaas Wisata Agro Wonosari, di sini merupakan kebun teh satu-satunya di wilayah Kabupaten Malang. Menikmati pemandangan dengan suasana dingin dan atmosfir perkebunan teh. Menikmati wahana, termasuk segala fasilitas penunjang yang ada di dalamnya. Menginap di cottage atau hotel Rollaas, dengan sensasi berbeda dibanding hotel lainnya. Kebun The Wonosari, berada di ketinggian 950 â€“ 1250 di atas permukaan laut. Merupakan salah lokasi dengan dataran yang tinggi di wilayah Kabupaten Malang. Sehingga sangat sesuai untuk tumbuh dan berkembangnya tanaman teh. Tidak salah bila teh dari Wonosari ini merupakan yang terbaik di Indonesia. Menginap di sini, merasakan suhu terendah yang bisa mencapai 9 C, dan siang hari rata-rata 25 C. Wisata Agro Wonosari menyajikan destinasi wisata dengan kekhasan dan kekayaan seputar teh, yang jarang bisa dinikmati di tempat lain. Tak sekedar menikmati suasana alam perkebunan. Pengalaman memetik, mengolah, hingga menikmati teh kualitas terbaik pun bisa. Merasakan pengalaman menghabiskan hari di antara hawa sejuk dan oksigen berlimpah di kebun teh, sudah menjadi pilihan banyak wisatawan. Bila Anda berminat, segera hubungi Rollaas Wisata Agro Wonosari. Para wisatawan yang dominan masih berasal dari beberapa kota di Jawa Timur ini, sudah terbiasa memesan kamar untuk menginap jauh-jauh hari sebelumnya. Untuk akhir tahun, Hotel Rollaas menawarkan voucher cashback. Untuk paket wisata edukasi dan meeting juga ditawarkan diskon harga. Ada paket menarik untuk pelajar dan mahasiswa, juga ada paket edukasi. Mempelajari Pengolahan Teh serta Budaya Teh yang dihubungkan dengan Budaya Lokal, adalah sajian yang akan kami coba hadirkan, mewarnai Wisata Agro Wonosari. Menghadirkan atmosfir budaya di lingkungan Wonosari, plus live music, serta pesta kembang api. Wahana baru di Bukit Kuneer, satu dari sekian yang popular terutama di sosial media. Dikemas dalam paket-paket wisata yang kaya pengalaman menarik di kebun teh. Menikmati pengalaman baru, termasuk mengikuti proses pengolahan daun teh di tur pabrik. Sekaligus mengikuti cuptest, pengalaman mencicipi sekaligus membedakan mana teh dengan kulitas tinggi dan teh dengan kualitas biasa. Wisata edukasi pabrik ini bisa dinikmati selama 30 hingga 60 menit. Melalui beberapa tahap, mulai dari proses penerimaan pucuk teh, proses pelayuan, pengeringan, sortasi, proses fermentasi, pengepakan. Biasanya mulai jam 7 pagi sudah buka. Sementara ini kebanyakan anak sekolah juga mahasiswa. Juga ada umum, dan turis asing dengan pendamping khusus yang mengikuti wisata edukasi ini. Menghabiskan malam di Kebun Teh Wonosari meninggalkan pengalaman baru dalam berwisata. Kamar-kamar yang tersedia di Hotel Rollas dengan desain modern minimalis, menambah kenyamanan melewati malam. Ditambah lagi, kala kita melempar pandangan dari balkon kamar menuju hamparan pucuk-pucuk teh. Harga sewa kamar Hotel Rollaas mulai dari 450 hingga 550 ribu rupiah. Sementara untuk cottage, mulai dari 875 ribu hingga 3 juta rupiah. Menikmati wisata di Kebun Teh Wonosari, terbilang lengkap. Wisata yang hadir sejak pertengahan tahun 1993 ini, dengan nama Rollaas Wisata Agro Wonosari dilengkapi dengan fasilitas; 24 cottage dan 10 standart room, 46 kamar hotel, Arena bermain anak, Berkuda, Flying Fox, Wall climbing, Paintball, Motor Trail, ATV, Jeep, Sepeda Gunung, Tea Walk, Kereta Kelinci, dan Kolam Renang. Paket Outdoor, paket Meeting & Gathering, wahana Spot Selfie yang juga terus dilengkapi. Menanti sunrise di Bukit Kuneer, bermalam plus semua wahana yang ada. Paket Petik Teh, mengajak pengunjung memetik teh, dengan kelengkapan a la pemetik teh. Semua tersedia, lebih lengkap dengan menghubungi kontak di Kebun Teh Wonosari. Jarak tempuh menuju Wisata Agro Wonosari tidak terlalu jauh. Jarak tempuh dari Lawang-Wonosari berjarak + 7 Km sekira 10 menit. Bila dari Malang-Wonosari jaraknya + 30 Km sekira 45 menit. Sementara dari Surabaya-Wonosari, jaraknya + 80 Km sekira 2 jam, bila jalur yang dilalui lancar. Untuk menjangkau Wisata Agro Wonosari pun sangat mudah. Selain menggunakan kendaraa"
"68.","Wismono Handoko putro","6","2024-01-01","1","Booking pertama type green tea cottage tp dengan alasan blaa...blaaa diganti blacktea cottage. Padahal memilih tipe itu sdh dengan pertimbangan tertentu.Fasilitas tidak sesuai. Bersasarkan kronologi petugas fasilitas diambil tidak ada koordinasi dengan orang kantor,sehingga cottage tanpa fasilitas diberikan kepada konsumen. Tapi tertolong Keramahan dan tindakan petugas bagus. Kondisi kamar kurang terawat dan kurang bersih."
"69.","One Yoandaputra","126","2023-01-01","4","Hotel dgn pemandangan alami kebun teh, sejuk. Mungkin perlu perawatan tambahan untuk komponen hotel, seperti byk kayu lapuk, gagang pintu rusak. Kebersihan kamar juga perlu ditingkatkan. Masakan cukup enak. SiapÂ² sinyal Hp hilang. Wifi jos hanya di area resepsionis."
"70.","Erwan Cahyono","10","2023-01-01","4","Suasana pegunungan dan perkebunan teh yang asri malam hari sangat dingin tanpa AC pun kedinginan cocok untuk refreshing..harus bawa banyak makanan dan Snack karena jauh dari mini market dan warung tapi d hotel harga makanan dan snack yg tersedia termasuk normal. Sayang nya Kolam renang jadi satu dengan fasilitas umum agro wisata jadi klo mo renang bagi yg inap lebih baik pagi masih sepi pengunjung"
"71.","Rafikah YF","36","2024-01-01","4","Buat saya tempatnya sangat nyaman dan tenang cocok untuk bersantai. Staf2nya sangat ramah dan gercep, air panas dkamar mandi sempat tidak mengalir, begitu sy komplain lngsng d tangani, tp sayang air yg keluar terkadang kepanasan, terkadang kedinginan. Wlpun tidak ada ac kamarnya sejuk. Yg kurang menurut sy, seprei dan selimutnya banyak nodanya dan rasa sarapannya kurang nendang dlidah sy. Sepertinya sy lihat dsekitar hotel jg bisa camping tp sy kurang tau tendanya bawa sendiri ato sewa dan jg banyak warung2 penjual makanan dan ada jg cafe rollas yg rasa masakannya menurut sy termasuk enak."
"72.","Zulfiqar Fadhil Lubis","262","2022-01-01","4","Untuk masuk ke hotel ini harus bayar tiket masuk atau gratis bila datang setelah jam 17.00. Ada fasilitas kolam renang (bayar Rp 12.500). Sarapan dikasih bentuk nasi kotak (mungkin dampak pandemi). Hawa sejuk meskipun kamar tidak dilengkapi AC. Wastafel sangat kecil. Banyak wallpaper dinding yang sudah mengelupas. Kamar tidak luas-luas amat."
"73.","Bayu Tri Hartanto","260","2024-01-01","5","Cek in setelah magrib di akhir pekan..pelayan cukup baik,parkir luas,lokasi bagus karna jadi q dengan WAW. Kamar kurang terawat wallpaper bnyak yg terkelupas,tanpa AC,cuaca malam hari sangat dingi di 17C."
"74.","Aryasatya Channel","14","2025-12-01","5","hotel dan fasilitas yang cocok untuk keluarga dan anak anak"
"75.","One Yoandaputra","81","2022-01-01","4","View bagus nuansa alam, pelayan ramah, masakan cukup enak. Mungkin perawatan barangÂ² hotel perlu diperhatikan (handle pintu lepas, kayu lapuk, dll). Kamarnya msh ada debu & nyamuk, tanpa AC (sdh cukup dingin udara alami). SiapÂ² no signal guys, jaringan wifi hanya jos di area lobby."
"76.","franz wahyudi","95","2020-01-01","4","Hotelnya cukup menarik, udara nya dingin tetapi sejuk karena berada di ketinggian. Tidak ada AC di kamar karena udara sudah dingin. Kebersihan kamar cukup. Menu makanan di pagi hari terbatas, hanya ada nasi goreng. Satu lokasi dengan kebun teh. Ada kereta kelinci yg siap mengantarkan berkeliling kebun teh."
"77.","Fakhrudiniyas","9","2025-01-01","5","Baru kemarin cari2 hotel ditraveloka dengan harga murah Ternyata ada di rollaas hotel Review : kamar lumayan luas ketimbang hotel2 sekelas lainya Ada balkon jg Bed single luas .sudah LED tv .kamar mandi jg ok .pemanas air bekerja sempurna Makan pagi menunya mantap Pemandangan kebun teh luas kadang ada kabut yg turun yg makin buat tenang MINUS dikit dipelayanan yg seharusnya check-in jam 2 harus tunggu lagi sekitar 15-20 menit karena kamar belum siap untuk digunakan View-nya bagus......."
"78.","Rina Sanjaya","6","2024-01-01","2","Hotel lamaaa, kurang terawat, tidak ada AC (ruangan kamar pengap jd d dlm kamar terasa sumukk).. Pesan jeep dikasih yg jeep nya kotorr.. Untuk pemandangan di kebun teh nya oke tapi jalannya menuju tempat foto2nya parahh jelek sekali.. goyang semua sampai mabuk kendaraan (mual, mumet).."
"79.","Agung Rusdiawan83","86","2024-01-01","5","Puas dengan Rollass Hotel. Hampir semua keluhan yg disampaikan orang lain di ulasan tidak kami alami. Pengecekan petugas saat kami cek out kerupuk yang kami tinggal pun diantar ke resepsionis.haha. Semoga keluhan dari customer lain segera ditindak lanjuti, rating makin bagus"
"80.","Adi Kurniawan","140","2019-01-01","4","tempat yang cocok untuk liburan sekeluarga, dengan lingkungan kebun teh wonosari yg asri, serta akses yg mudah untuk mencari kebutuhan makan,minum, serta rekreasi. sayang waktu kesana jam check out diperpendek yg biasa nya jam 14.00 jadi jam 12.00. kalo nginap di rollas jg dpt free tour ke pabrik teh, lumayan buat tmbh pengetahuan tentang produksi, dan kualitas teh yg baik."
"81.","Bastian Yoga Pranoto","50","2023-01-01","5","Jujur, saya agak kecewa dengan kondisi toilet villa yang cenderung kotor untuk villa seharga 1.5jtan per malam (saya lupa). tapi keindahan lokasi dan desain rumah tempo dulu mampu menutupi kekurangan itu. saran untuk owner untuk lebih memperhatikan kebersihan toilet pada vila."
"82.","Sere Khrisma","31","2024-01-01","5","Sesuai harga. Udara dingin dan bersih ğŸ˜ suasana hotel nya alam banget buat healing dari kepenatan kerjaan tempat ini rekomendasi. Cuma sarapan nya ga bisa ambil sendiri, diambili petugas nya."
"83.","Danis Dwi","12","2020-01-01","4","View nya bagus, pelayannya ramah dan membantu, hanya kurang jumlahnya di peak season spt mgg ini. Smp lupa saya tidak diberi tahu kalo ada layanan visit pabrik teh, padahal keluarga pengen sekali masuk pabrik teh. Kamarnya lumayan cuman banyak kunci pintu yg rusak dan wallpaper ngelupas. Banyak serangga masuk di musim hujan gini..."
"84.","Salim Nasar","258","2023-01-01","4","Suasana hotel secara keseluruhan mmng tenang&bersih,hanya serangga2 liar yg berisik secara alami. Interior,mebel,dinding tidak dirawat secara berkala (pintu sudah anjlok,handle pintu rsk,kayu keropos,wallpaper usang dll). Saran jika ksini,bawa jaket,kaoskaki,kalo perlu selimut tambahan. Bawa makanan ringan atau cepat saji,kalo mau jajan ada pujasera yg lumayan dkt dr hotel,sebelah kolam renang. Tempat parkir luas"
"85.","Rafli Mario Maulana","5","2024-01-01","1","Satpam penjaga gang gak ramah banget, nanya doang di katai kotor gua padahal sopan Gua nanyanya ,suruh nyari lokasi hotelnya sendiri malam, meskipun akhirnya diarahin smbil melotot tuh matanya. 1 orang pendek kurus Kalo gk niat kerja di pecat aja pak masa tamu baru kenal tempat wisata disana udah dijamu kaya gitu. Gua ngerasa ditipu waktu awalnya masuk lokasi situ ternyata suruh bayar di recsepcionis hotelnya kenapa gk bilang dari awal waktu melototin gua nganterin ke hotelnya ."
"86.","dian ekawati suryaman","297","2019-01-01","5","Hotelnya enak banget.. 2 lantai, kamar cukup luas, bersih, rapi, ada air hangat, wifi, balkon. Tempat makannya asik banget. Ada ruang meeting yang cukup luas kalo 200 orang aja cukup banget. Nyaman lah buat acara keluarga atau staycation sendirian. Bisa sekalian wisata petik teh plus wahana-wahana lainnya."
"87.","Rizky pram","24","2020-01-01","4","Tempatnya nyaman. Sunyi.. Adem dingin sejuk udaranya... Cocok buat liburan. Cuma utk breakfastnya kurang mantep menurut saya(nasi pecel hahaha). pas mau berangkat mkn pecel eh dsana breakfastnya pecel lagi. serasa pecel boys. Kolam renangnya juga kurang sip. Lbh mantap klo ada kolam renang sendiri utk hotelnya. Yang lainnya mantap dah. Kamar sip. Kebersihan oke. Pelayanan oke."
"88.","Gracia","64","2025-01-01","5","pelayanan dan lokasi comfy, tapi untuk kamar kebetulan dapat yang lampunya redup dan lampu lemari pakaian rusak, serta laci kotor berdebu. but worth to try!"
"89.","Nizar Ino","229","2025-01-01","4","Nginap di cottage white tea ! Suasana enak pelayanan baik ! Sayang cottagenya udah tua perlu di renovasi biar fresh semuanya , tamu bakal banyak & betah ! Pastinya datang lagi ğŸ˜"
"90.","BUTET VLOGS","441","2022-01-01","5","Rekomen puoll kalau mau menikmati hawa segarnya kebun teh, dpt fass kopi teh ada air hangat juga.. view nya ciamik harga juga terjangkau.. aku belinya di transwisata travelindo tour and travel cuman 350rb di online lain msh 450 rb an"
"91.","Seven Media","25","2018-01-01","3","Kamarnya lumayan bagus, bersih dan pemandangannya pegunungan bgt, view kebun teh n kota malang terlihat dri kejauhan, yg paling eksotis kalo malam dinginnnya..... Ammpun.. Ga kuat keluar kamar."
"92.","Hanny Suyanto","34","2025-01-01","5","Tempatnya nyaman, luas, menghibur banyak area playground dan cocok untuk menikmati udara dan pemandangan."
"93.","Ntiz Avril Lavigne","33","2019-01-01","4","Fasilitas hotel biasa. Air panas nya sempat mati d sore hari. Kamar nya sdh dingin jd tidak AC. Breakfast nya standart bgt. Pemandangan nya ok. Ada tour kecil dari pihak hotel."
"94.","Niko aja","713","2025-01-01","4","Pemandangannya indah, view kebun teh, berhawa dingin, ada air panas, kamar cukup luas. Makanan lumayan."
"95.","aprillia nilasari","45","2024-01-01","5","Rollas hotel ini bagian dari wisata agro wonosari, ada di kawasan kebun teh yang sejuk dan asri, hotelnya bersih, suasananya romantis banget waktu malam, makanannya not bad lahh pilihan menunya tdk terlalu banyak, teh dan kopi yg jadi komoditas utama disini patut dicoba, selamat berkunjung and happy holiday"
"96.","Maya Sari","144","2024-01-01","5","Proses check in dilayani staf hotel dengan baik, security dan staf hotel sangat ramah, tempat parkir luas, suasana hotel sejuk dan dingin, kamar nyaman, fasilitas berfungsi dengan baik, hanya utk kasurnya keras dan bantalnya tipis, makanan enak walau hanya beberapa pilihan menu saja, utk makanan cafe penyajiannya agak lama tp rasa nya enak koq harga jg tidak mahal, kalo malam dinginnya terasa banget walo tanpa ac, nginap disitu bisa sekalian berwisata ke kebun teh, bukit kuneer, geopark, mantabbb pokoknya"
"97.","Don Airlangga","80","2025-01-01","3","Hotel perlu banyak perbaikan, kayu dinding banyak bolong dimakan rayap, Wallpaper mulai terkelupas. Sebenarnya hotel sangat berpotensi"
"98.","Alfan Pranata","4","2025-01-01","4","Kamar bersih. Sarapan cukup minimalis. Dan renang cuman dapat 2 tiket saja. Kalau lebih dari itu harus nambah sendiri"
"99.","Icha Annastasia","569","2023-01-01","1","Benernya viewnya bagus tempat nyaman sayangnya gak ada resto. Jarak penginapan ke resto jauh. Klo ujanÂ² ribet. Kecewa banget kmren kita rombongan booking 7 kamar, waktu makan siang kita order dari resto udah nunggu makanan lama banget dan banyak menu gak keluar. Besoknya waktu chek out kita udah minta bill mau bayar sendiriÂ² sesuai nama yg order tapi si mbak reception gak mau klo di bayar sendiriÂ² dan bener dong ketika udah di total di bayar ternyata muncul tagihan utk menuÂ² yg gak muncul itu. Kecewa kenapa si mabk gak bolehin saya ngecek satuÂ² tagihan dulu biar kita bisa tau mana makanan yg keluar mana yg gak."
"100.","Masnung","111","2022-01-01","4","Jika ingin benar2 istirahat menghindari kebisingan, ini salah satu tempat yg saya rekomendasi. Terlebih dg udara sejuk (menurutku gak terlalu dingin), suasana jd lbh hangat ditemani teh Santoon yg terkenal"
"101.","Ainur Rafiki","13","2022-01-01","5","Terakhir kali saya kesana puas sekali. Meskipun sepi pengunjung karena pandemi pelayanan yang diberikan tetap maksimal dan fasilitas di sana tetap terawat dengan baik. Teh yang disajikan asli hasil panen dari kebun teh Wonosai sehingga memberikan aroma dan rasa yang segar."
"102.","Pramita Dewi","43","2019-01-01","3","Hotelnya sendiri bagu.. kamarnya bersih.. ada ketel air utk membuat teh atau kopi.. hanya saja, kamar yg saya tempati waktu itu kasur nya spring bed rumahan.. dan sarapan nya dr angka 1-10 saya kasih nilai 1 karena tidak sesuai dg harga yg ditawarkan per malam nya.."
"103.","kia","67","2019-01-01","5","hotelnya bersih dan nyaman, udaranya segar, fasilitasnya lumayan, bisa jalan ke Bukit Kuneer juga kurang lebih 30 menit jalan kaki dengan jalur melewati perkebunan tehğŸ‘ŒğŸ» â€¦"
"104.","azril channel","137","2023-01-01","4","Nginap disini waktu ada acara komunitas.... Semua ok lah.. Meskipun tanpa AC.. tapi dingin nya menggigil... Nyaman & sejuk... Pelayanan ramah sih.. Cuma ketika saya dua kali pesan makanan ada sedikit kurang enak di pandang... Makanannya datang di wadah stereo foam, jadi kaya makanan pesan di warung kaki lima an.... Dan kedua saat saya pesan sarapan.. Jam 7 pagi waktu itu bilang nya gak pake lama.. Sampai jam 7:30 saya telpon lagi.. Katanya suruh nunggu.. Ditunggu sampai jam 7:45 katanya sudah otw.. Lalu sampai jam 8 kurang 5 menitan pelayanan nya telfon lagi ternyata baru mau di masakin.. Lha kenapa tadi bilang sudah otw.. Akhirnya saya cancel... Karenan jam 8 ada acara.."
"105.","DODI SETIAWAN","17","2024-01-01","4","Tempatnya bagus, sarapannya enak, tapi sayang air panasnya ngga berfungsi, udah coba komplain tapi belum ada pdrbaikan"
"106.","Evangeline Hoo","2","2023-01-01","2","Suasana lumayan tapi fasilitas qifi pelit tiap 2 jam putus dan breakfast bufe ndak warted dan makanan hanyabutk orang dewasa utk anak2 tdk ada"
"107.","bejo shc","202","2022-01-01","4","Sebagai resort lumayan bagus bangunan bergaya sederhana ,tp ruangan bersih dan pelayanan cukup bagus...cuman bagian luar mesti dirawat lebih baik lagi supaya terlihat menarik..."
"108.","Efi Mashfiyah","25","2023-01-01","4","Menyenangkan menginap disini, sejuk, tenang, enak untuk istirahat, menepi dari hiruk pikuk dunia. Klau mau menginap sebaiknya prepare camilan / makanan agar tidak kelaparan krn lokasi yg jauh dr perkampungan, meski di sekitar lokasi ada warung dan mini market"
"109.","azyan azzaki","109","2025-12-25","5","Adem Ayem Cocok untuk meditasi"
"110.","Milanisti 11","22","2024-01-01","5","Kamarnya bagus, pelayanan baik dan pegawainya ramah, tempatnya sejuk tp sayang waktu kesana pas hujan. Udaranya jadi duingin buangetğŸ‘"
"111.","wieke natalia","47","2023-01-01","4","Hotelnya terdiri dari dua lantai., 1 lantai ada 6 kamar., Lumayan bersih., Dekorasi bagus dan rapi., Untuk kamar mungkin bisa dipercantik sedikit lagi., Kamar mandi bersih., Untuk sprei dan selimut kurang begitu bersih, ada beberapa noda yg mungkin memang sudah tidak bisa hilang., Mungkin karena saya kesana pas high seasion jadi perputaran sprei dan selimutnya agak lumayan sering., Di bagian depan ada kolam ikan, ada jual oleh2 khas sana teh rollas di bagian reseptionis., Restauran ada di bagian belakang, tapi begitu masuk pintu utama sudah terlihat., Dari restauran bisa melihat perkebunan teh juga., Oh iya di sebelahnya hotel ada kolam renang dan sebelahnya lagi ada food court (harga makanan dan minuman tidak terlalu mahal, mengingat biasanya di tempat wisata harga2 makanan dan minuman sangat mahal).,"
"112.","Iqbal Prawira-Atmaja","463","2023-01-01","5","Jika ingin healing sejenak di tempat tenang fan sejuk..jangan ragu.. ke kebun teh Wonosari. Fasilitas hotel yg lengkap bisa berfungsi utk kabur dari kesibukan tetapi tetap produktif"
"113.","Pribowo Sumarsono","266","2023-01-01","5","Nyaman dan enak nginap disini.. Tapi ada kendala kl mau internetan disini meskipun hotel menyediakan wifi untuk pengunjung tapi gak bisa digunakan dan signal untuk HP kadang ada kadang hilang"
"114.","Deni indrawan (Marthadisastra)","34","2024-01-01","4","Ruangan bagus cuma ada beberapa barang yg tidak terawat baik. Pelayanan saat checkin harus banget jam 2,br dilayanin."
"115.","yuni adizaky","13","2018-01-01","5","Hotel nya bersih , fasilitas ada mini kulkas ,pemanas air ,proses cek in cepat ,ada kolam renang umum pengunjung hotel dpt gratis tiket masuk, sayang nya breakfast kurang variasinya , tp ga masalah kok , next time mau kesini lagi"
"116.","Nara Computindo","36","2019-01-01","5","Hotel yang sangat nyaman,hotelnya bagus bersih,pelayanan mantap,pemandangannya bagus banget apa lagi yg double balkon langsung perkebunan teh seger.,sangat rekomended utk yg mencari ketenangan,kenyamanan.,next pasti kesini lagiğŸ˜Š â€¦"
"117.","Ines yulistya","378","2022-01-01","4","nyaman, adem, hijau, lebih seru kalo datang rame2 dan banyakin stok makanan ya, karna klo malam suka malas cari makanan ke bawah (pasar lawang). malam hari ada cafe hotel tapi makanan tdk banyak (cm indomie n nasgor)"
"118.","Rudi Anah","6","2022-01-01","2","Hotel view bagus,sejuk apalagi berkunjung kesana waktu musim hujan..byk kabut..dingin puooll.. Fasilitas kamar lumayan.. Fasilitas breakfast yg kurang ...makanan rasanya biasa aj..tdk ad selingan makanan ringan...hanya nasi kotak..dg lauk yg sederhana..mungkin pandemi...tolong diperbaiki menu breakfastnya..dg hotel harga segitu hrsnya byk pilihan menu.."
"119.","Wahyudi Achmad","105","2021-01-01","4","Suasana sejuk Pemandangan indah Kolam renang Sarapan pagi Balkon Kulkas mini Air panas dingin Parkir gratis WiFi gratis No AC karena hawa sudah dingin Hotel ada didalam lokasi wisata kebun teh Kalau datang diatas jam 17.00 bebas tiket masuk wisata Rp.12.000/orang Ada cafe life music disebelah hotel hanya sampai jam 23.00"
"120.","Fachrul Ulum Febriansyah","505","2021-01-01","3","Suasana dingin dan enak, cuma sayang kurang terawat, banyak cat mengelupas dan belum diganti. Breakfast biasa banget, telpon di kamar juga gak bisa."
"121.","Deasy (Dea shayssy)","99","2019-01-01","4","Lumayan mahal untuk hotelnya..apalagi bnyak fasilitas yg saya rasa kurang...cari mkanan az ga ada kalo udh d atas jm 10....tpi pemandangan mmg indah..harapan saya..untuk fasilitas makanan lbih d tingkatkan..meski itu hnya makanan instan..lbih baik d sediakan"
"122.","Arya Devandra","114","2025-01-01","5","Tempatnya nyaman, udara sejuk, pemandangan indah. Harga kamar dan makanan terjangkau"
"123.","Ratna Haryani","68","2023-01-01","5","a very nice place. hotelnya bersih, staff-nya ramah, sarapan dengan view yang baguss. mungkin bisa lebih bervariasi untuk menu sarapannya. overall good"
"124.","novi anti","146","2019-01-01","5","Dengan siasana pegunungan dengan hamparan pohon teh yang hijau. Perkebunan teh wonosari di lengkapi ruang parkir yang luas seperti kendaraan bis bisa dengan mudah masuk. Selanjutnya ruang pembelian tiket masuk yang nyaman. Di dalam kebun teh madih berdiri pabrik pengolahan teh yang masih berfungsi dengan menghasilkan daun teh pilihan dengan merk rolas. Prabik tersebut bisa menghasilkan teh hitam yang di ekdport ke luar negeri."
"125.","Achmad Riyanto","89","2019-01-01","4","Tempat yang cocok untuk melepas penak setelah seminggu bekerja, weekend bersama keluarga Dan menginap di hotel maupun cottage bisa menjadi pilihan dengan bayak wahana permainan anak, hiburan mengunjungi pabrik pembuatan teh, wisata jelajah kebun teh"
"126.","Fikri syaiful rizal","98","2020-01-01","4","Suasana alam yg segar....bahkan menjelang Maghrib kabut tebal datang di sekitar rollas hotel dan perkebunan teh Wonosari...banyak fasilitas yg ditawarkan ada kereta kelinci untuk keliling kebun teh, kuda, trail, ke pak renang, tes House dll Kamar : kurang bersih, masih lebih bersih di hotel sekelas bintang 2 di kota malang Makan breakfast : rasa standar Harga : relatif agak mahal"
"127.","Noer","72","2025-02-01","5","Love the ambience!!!! Tempatnya super super tenang!!!! Insyaallah balik lagiiii!!!!! Tunggu yaaaa."
"128.","Tri edi Kurniawanto","85","2024-01-01","4","Kamar lumayan nyaman walau bangunan lama. Layanan sangat baik dan sigap. Lokasi enak banget untuk refreshing"
"129.","Suhariyanto","4","2019-01-01","4","Tempatnya nyaman, udara sejuk, segar.. hotelnya bersih, pelayanan ramah, sarapan pagi menunya lumayan.. cocok utk refreshing bersama keluarga.."
"130.","ayu filsi","2","2024-01-01","1","Waktu check in jam 14.00, sudah datang dari sebelum jam 14.00, namum sampai sejam lebih belum bisa check ini karena kamar masih diperbaiki."
"131.","Irma Erselia","27","2020-01-01","5","Tempat yg sangat pas untuk menghabiskan libur akhir pekan bersama keluarga, pas untuk melepas penat setelah weekdays sibuk bekerja karena tempatnya sangat sejuk dan tenang. Ada agrowisata teh yang bisa jadi wisata edukasi buat anak-anak."
"132.","Michael Devami","1","2019-01-01","1","Jangan ambil cottage nya. Banyak serangga masuk, air panas tidak lancar. Hanya cocok untuk backpackers yang mau spend more money for nothing except cold atmosphere"
"133.","Golobok go","409","2022-01-01","5","Ingin suasana menginap ditengah kebun teh yang dingin? Anda akan menemukan jawabannya disini! Sudah gitu aja, lebih lanjutnya silahkan rasakan sendiri"
"134.","arnoldo victori","202","2023-01-01","4","Suasana pedesaan yang segar, dingin. Hanya saja kamar perlu perawatan lebih karena faktor cuaca yang sangat dingin"
"135.","Syarifah Alawiyah","3","2022-01-01","5","View nya sangat bagus. Namun sayangnya kebun teh Wonosari kurang terawat sprti gelapnya penerangan dan fasilitas untuk bermain anak kurang"
"136.","suharti damayanti","31","2023-01-01","5","kamar bersih, karyawan ramah, tempat tenang, hnya saja kmrin brng dngan orang club jadinya gak bisa istirahat tenang..ramai"
"137.","Indahiib Kanaya","11","2024-01-01","5","Pemandangan yang di dapat dari hotel ini. Suasana sejuk...malam dingin sekali. Banyak aktivitas outdoor untuk anak2 & dewasa. Pemandangan juara"
"138.","gilang budiraharja","330","2018-01-01","4","Tempat wisata petik kebun teh yang ada di Lawang Malang... Tempatnya sejuk dan asri.. yang dicari disini tehnya yang khas.. ada hotel, villa dan penginapan yang bisa di sewa.. ada swalayan, kolam renang, dan pusat oleh oleh juga.."
"139.","Risky Setyawan","162","2024-01-01","5","Hotel nya nyaman.. Staff nya ramah.. Udaranya segar dan dingiiinnn.. 16 derajat View nya kebun teh dan gunung Arjuno.."
"140.","nuril hidayati","16","2023-01-01","4","Breakfast nya ndak asik masak tiap orang d batasi lauknya satu2, trus satu kupon untuk satu org anak dewasa sama saja"
"141.","Bayu Adipramono","14","2019-01-01","3","Bersih, tenang, udaranya segar, hnya di ruangnya tdk berac, pdhl udara disana sdh tak sedingin dulu lagi, untuk mkanan tdk recom deh"
"142.","LimamArch IsMe","243","2019-01-01","5","Soal pemandangan sih oke sangat tp soal hotel masih butuh perbaikan pelayanan dgn harga yg mahal harusnya bisa lebih baik lg"
"143.","Irina Fardhani","140","2019-01-01","3","Jalan menuju hotel kurang petunjuk + penerangan. Kamar mandi oke. Tapi di tempat kopi, gula, dll di kamar ada semutnya"
"144.","Ira Saja","9","2023-01-01","2","Menginap di lantai 2 (kamar 216) waktu pas setelah hujan deras ... daaan .. tiba-tiba dari plafon ada tetes-tetes air hujan yang pas banget netesnya di atas kasur... â˜¹ï¸â˜¹ï¸"
"145.","Henny Sinatha","29","2023-01-01","5","Ok sih. Cuma pas aku nginep barengan sama rombongan. Jam 4subuh berisik bgt. Teriak2 panggil temennya. Ckckck"
"146.","Budi San","247","2023-01-01","5","Kamar lumayan bersih, pelayanan ramah, lokasi jauh dari pemukiman warga tapi akses jalannya cukup baik"
"147.","Tabita Deborah","139","2020-01-01","5","Kemarin sewa tempat yg view nya hijau2 a.k.a pohon2, yaitu di hotelnya. Kita bikin acara kecil2an gitu. Bagus banget buat foto2."
"148.","sunwizard 23","1","2020-01-01","1","Sumpah kotor banget, kamar nya berdebu, tempat tidur nya kotor juga. Tolonglah kasih bantal jangan pelit amat. Nggak rekomended banget ini."
"149.","Anton Aga","138","2025-01-01","5","View nya bagus, mohon jalan akses menuju ke sana lebih diperbagus lagi. Terima kaaih"
"150.","adi kurniawan","5","2018-01-01","4","tempat yang bagus bagi yang menginginkan ketenangan untuk melepas penat. sejuk di tengah area kebun teh wonosari. kalo fasilitas lebih ditingkatkan pasti lebih baik"
"151.","endri yana","8","2022-01-01","5","Area perkebunan teh yg di padukan dgn tempat utk liburan bersama keluarga, fasilitas yg ada cukup utk bersama keluarga melepas penat dgn udara yg dingin"
"152.","Matthew Aja","15","2025-08-01","4","Keren seru unik ,perlu diulang WKWK"
"153.","indra pambudi","26","2025-03-01","5","Satu2nya tempat menginap vibes kebun teh di Jawa Timur, yang proper"
"154.","Halimatus Sa'diyah Siregar","31","2023-01-01","5","Tempat berwisata dengan kelurga yg nyaman ada cottage yg berisi 4-6 kamar. Tapi suasana malamnya agak horor ğŸ˜€ â€¦"
"155.","yayuli tri kusumo","7","2022-01-01","5","Tempat nyaman bersih pelayanan bagus...cocok u kelg yg ada ank balitanya kr halaman luas & bisa bermain sesuka hati"
"156.","Sapta Adi Nugraha","57","2019-01-01","3","Suasana enak. Kebersihan kamar kurang terjaga. Papan petunjuk kurang terlihat saat malam hari."
"157.","Achmad Novian","81","2019-01-01","5","Tempat yang kece nih untuk menikmati akhir pekan , hawanya dingin nih dan terbentang luas tamanan teh yang masih segar dan hijau , Yuk ke Rollas wonosari :D"
"158.","Waskito Tri Eko Fasetya","58","2018-01-01","5","Tempat menikmati dinginnya embun pagi dan udara kaki bukit Gunung Arjuna. Tempat yg nyaman utk berlibur."
"159.","Mr Wie _Mlg","24","2022-01-01","4","Bagus, udara bersih, hanya lantai kayunya ada yang lapuk di kamar lantai 2, jadi basah terus"
"160.","Heny ChN","751","2019-01-01","4","Cocok buat acara keluarga Tempat strategis Mudah dijangkau Udara yang sejuk di kelilingi hamparan kebun teh yg sangat luas"
"161.","Ikbal Kemponkk","451","2024-01-01","5","Kamar kurang bersih, sprei dan selimut hotel kotor banyak sekali bercak noda."
"162.","Zenia Lutfi Kurniawati","48","2017-01-01","5","Jalan2 ke kebun teh sii sudah ok... tapi istimewanya kami juga wedding garden party di sana... and its so nice and sweet..."
"163.","nur rahman","83","2023-01-01","5","Lokasi hotel yang sangat nyaman, sejuk karena berada di kawasan perkebunan teh PTPN"
"164.","Ian Ardian","85","2019-01-01","5","Rollas Hotel unik di area Agro Wisata. Lumayan bagus.. Tersedia Air panas mengingat udara di perbukitan yang Dingiiin..."
"165.","Ade Purnama","3","2019-01-01","4","Fasilitas untuk kamar bagus, untuk kamar yg lantai 2 bisa view langsung ke hamparan kebun teh....ğŸ‘ â€¦"
"166.","naufal harits aqila","41","2018-01-01","2","Tdk ada yg istimewa di hotel ini..... Lbh enak bermalam di cottageÂ² yg telah disediakan, atau camp di area camping ground...."
"167.","MISTERI CHANNEL","147","2023-01-01","5","Wi-Fi e ngandat ngak bisa, menu makannya biasa saja kyk kurang rekomendasi"
"168.","bams widodo","266","2024-01-01","3","tempatnya bagus tapi kalau malam sepi, lampu penerangan di sekitar lokasi kurang"
"169.","Nur Hafidah","19","2018-01-01","5","Tempat yg sgt nyaman utk di kunjungi dgn udara yg sejuk..dn cocok utk acara keluarga.."
"170.","Putri Ani","11","2023-01-01","5","Tempat dan pelayanan sangat nyaman, 425/kamar, itu dah termasuk tiket untuk masuk kolam renang"
"171.","rizkha surya","67","2025-05-01","5","tempat yg cocok untuk staycation, nyaman dan asri"
"172.","BhiSma Ambra Nugraha (BhiSma Art)","130","2025-01-01","4","Sarpras nya kurang mendukung, jalan aspal dalam lingkungan perkebunan jelek sekali"
"173.","Hardi Nugroho","19","2025-01-01","5","Sangat bagus & Indah, syangnya susah sinyal di kamar bawah"
"174.","Janoko Tejo Bawono","49","2019-01-01","5","Penginapan yang bersih dan dingin. Lokasinya juga tenang, karena disekitar ada perkebunan teh"
"175.","Bagus Prasetyo Widodo","28","2025-01-01","5","Sejuk dengan pemandangan pegunungan, petualangan alam yg seru dan berkesan."
"176.","Arief Widodo","83","2020-01-01","5","Hotelnya bagus, cukup bersih dan tentunya udara segar di lereng gunung Arjuno.."
"177.","Irzak Yuliardy Nugroho","35","2019-01-01","5","Viewnya bagus banget, suasananya asri, ruang hallnya luas, sangat cocok untuk pertemuan. terimakasih."
"178.","dudhie irawadhi","26","2019-01-01","4","Tempat yang cozy buat leissure bersama keluarga, tertata baik, bersih, dengan posisi yang tak jauh dari Surabaya dan biaya yang bersahabat...."
"179.","Azhar AD","456","2025-01-01","4","Sepertinya bagus,, wlopun blm pernah coba nginap"
"180.","danny hardiyanto","56","2020-01-01","4","Tempat nya enak, dingin nya pas dan jauh dari keramai an, dengan pemandangan kebun teh"
"181.","CREAVA CINDY","20","2020-01-01","5","Lumayan nyaman dan juga murah, yang gak kuat dingin siap bawa selimut tambahan sendiri ya"
"182.","Agus Dwi Susanto","446","2023-01-01","5","Dinginnya udara di kawasan kebun teh yang hijau hijau hijau.. Menyegarkan jiwa dan raga."
"183.","Ifan Muchamad Rozik","370","2020-01-01","5","Pelayanan bintang 3, kualitas dan fasilitas juga nyaman, kalau malam begitu dingin. Cocok untuk bulan madu."
"184.","Yudda Rahardian","312","2023-01-01","4","tipikal hotel pengelolaan BUMN or negara ya gini ni. nyamannya ya gegara suasananya sii."
"185.","Hardionio Hang","9","2021-01-01","5","Tempat rekreasi kebun Teh hawa sejuk dan ada hotel roollass untuk menginap tarip lumayan."
"186.","Sakur Sanu","80","2025-01-01","4","Bertempat di dataran tinggi, dingin, Dekat dg view yg menakjubkan"
"187.","Rafif Firdausy","29","2023-01-01","1","Pelayanan buruk, masuk ke kolam renang dan sarapan dibatasi tidak seperti hotel2 lainnya"
"188.","Mr Kuntink","3","2020-01-01","1","Tidak rekomendet untuk rombongan kesini kru dari eo ndak dapat perhatian dari pihak hotel ndak dapat jatah makan juga"
"189.","Arfian Pratama","31","2017-01-01","4","Tempat yang nyaman untuk beristirahat. Hanya saja menu breakfast kurang menarik"
"190.","Didik Eko wargono","6","2020-01-01","1","Tidak recomended utk rombongan... Terlalu banyak biaya charge... Pelayanan tdk memuaskan"
"191.","Noor Salam","38","2024-01-01","5","Pemandangan bagus, pelayanan ramah, harga murah, kamar bagus. Makanan enak.."
"192.","Evi Loliancy","302","2021-01-01","5","Tempatnya ada ditengah perkebunan teh wonosari, tidak perlu ac, udaranya sejuk"
"193.","Moertono Mr","6","2019-01-01","5","Hotel yang nyaman, cocok untuk liburan keluarga. Suasana yang asri, udara yang sejuk."
"194.","Erwanto Trustiadi","18","2018-01-01","4","Hotel dan cottage Rollas, lokasinya dl lingkungan pabrik teh PTP, tempat luas utk kegiatan rombongan."
"195.","koes s. kostaman","28","2022-01-01","5","Pelayanan sangat baik. Suasana perkebunan Teh yang adem, banyak lokasi swafoto"
"196.","Ardhi Prayogo (Ardhi Darma Prayogo)","148","2019-01-01","5","Viewnya bagus. Fasilitasnya juga bnyak. Kamarnya nyaman bnget."
"197.","Ndang Mulya","14","2022-01-01","4","Rollas Hotel & Resort Kebun Teh Wonosari Lawang Tempat nyaman dengan udara sejuk cocok buat refreshing agar pikiran fresh"
"198.","nancy julia","4","2023-01-01","1","lantai bau banget, banyak noda2, terutama di bagian kasur. JUGA BREAKFAST ITU DIBATASIN KE SETIAP TAMU"
"199.","Banyu empat satu","56","2025-01-01","4","Kamar sudah agak lama Toilet juga agak gerak... Sejuuukkkk"
"200.","Yunita Asmodiwati","46","2020-01-01","4","Nyamaan sejukkk buka pintu balkon lgsng pemandangan pegunungaan"
"201.","Reswari Pradefiharsari","201","2022-01-01","4","Karena saya hanya menumpang musholla nya saja, jadi masih belum bisa review secara keseluruhan"
"202.","Eko Kurniawan","161","2025-01-01","5","Pemandangannya bagus..udaranya sejuk"
"203.","radenarisda","324","2025-08-01","5","semoga bertahan"
"204.","Gatot Andriawan","30","2022-01-01","3","View dan lokasinya bagus dekat dengan kolam renang dan perkebunan Teh yang udaranya sejuk"
"205.","yuliana rachmawati","103","2025-03-01","5","View tempat makan di atas kebun teh"
"206.","Kebon Alam Ecoprint Surabaya","116","2024-01-01","5","Tempat.nya dingin, sejuk. Hamparan luas hijauu. Kebun Teh Wonosari"
"207.","Fanny Hartono","42","2023-01-01","5","Kebersihan ngga maximal. Tp masih bisa dbilang bersih dan nyaman. Pegawai ramah dan sopan."
"208.","Arif Hariyono","5","2025-08-01","5","Mantap Pelayanan oke..."
"209.","Arief Rahmad Budiarto (Arief)","18","2022-01-01","5","Tempatnya enak, nyaman. Tapi untuk wastafel kamar 218 tidak bisa."
"210.","Arief Rosandhi","16","2023-01-01","5","Tempat penginapan yang sangat sejuk dan tenang nyaman untuk refresing disini."
"211.","Seneng Dolan","75","2024-01-01","5","Cocok untuk menginap dan disajikan dengan pemandangan yang indah dan sejuk"
"212.","Fallen Wicaksono","248","2017-01-01","4","Agrowisata yang cukup menarik dan indah, perlu sedikit dipoles lagi supaya jadi sekelas banaran"
"213.","Yosi Suseno","55","2022-01-01","5","Tempat yg indah dan sejuk..sayang..lbh dr 5 th blm ada perubahan .."
"214.","Subari Suroboyo","133","2019-01-01","5","Penginapan dengan fasilitas memadai di area kebun teh wonosari PTPN XII Jatim"
"215.","Agus Sudharnoko","604","2023-01-01","4","Kebun teh Wonosari memang sesuai selera saya, cocok untuk liburan dan staycation"
"216.","denny efendi","101","2018-01-01","5","tempat yang nyaman untuk bersantai di akhir pekan..suhunya dingin disini.."
"217.","Sylvia Ghumaisha","364","2020-01-01","4","enak tempatnya, nyaman .. cuma makanannya perlu diperbaiki :)"
"218.","Estu Trisularsih","71","2019-01-01","5","Suasana sangat indah.....dingin banget...tapi pemandangan indah banget."
"219.","Kang Yadi (mirzanhikari)","55","2023-01-01","5","bagus dan asri, harganya juga tidak terlalu mahal, enak untuk bawa keluarga berekreasi"
"220.","Moch Afifudin","49","2024-01-01","5","Gak kapok main kesini.. aduuueemm.. bersih.. ada sajadah di kamar."
"221.","Febry Diana Putri","24","2025-01-01","5","Penginapan nya sejuk dan nyaman,"
"222.","Albert","13","2023-01-01","3","Kebersihan kamarnya kurang,tisu toilet gak ada"
"223.","Muhammad Bobby Eldion","84","2018-01-01","4","Tempat menarik untuk mencari suasana tenang, namun fasilitas masih sederhana"
"224.","Ariffin Dwi Ari","52","2020-01-01","5","Hawanya sejuk sayang tdk terawat dengan baik, fasilitasnya kuno2"
"225.","Yanti Siregar","57","2023-01-01","5","Penginapan dan viewnya cukup bagus, makanannya juga cukup enak"
"226.","Herman Aditya","94","2024-01-01","5","Mungkin kamar yg butuh peremajaan. Sdh mulai usang dan butuh perawatan"
"227.","Suprianto Ambon","132","2023-01-01","4","Tempatnya nyaman..jauh dari hingar bingar gemuruh kota.. pelayanan memuaskan"
"228.","Trisna Sutrisna","510","2025-01-01","5","Tempat yang sejuk tenang dan nyaman untuk istirahat"
"229.","Viana Agustin","103","2020-01-01","5","Udara dingin, kamar bersih cukup nyaman untuk tempat istirahat"
"230.","Hasyim Asyari","10","2025-12-01","5","Bersih"
"231.","Yoks Arif","73","2022-01-01","2","Ga rekom deh.. phone rusak.. pintu km handle ga fungsi.. wallpaper ngelupas.."
"232.","ZX 150RR","61","2018-01-01","5","tempat wuenak untuk mencari ketenangan hidup saat liburan dan berlari dari kenyataan"
"233.","Hufron Rosidin","204","2025-01-01","5","Cocok Buat Keluarga"
"234.","Jamal Luthfi","253","2023-01-01","5","Tempatnya asik, nyaman. Sejuk tanpa ac"
"235.","Sokocul","20","2024-01-01","4","Susah kendaraan umum gojek aja sampe 2 jam nunggu"
"236.","Munadi Munadi","47","2024-01-01","3","Ntk cottage kurang perawatan Dan terkesan kumuh"
"237.","Wahyu Pria Purnama","293","2025-01-01","5","Parkir luas ASRI terawat"
"238.","Mas Cipoet","17","2023-01-01","1","Outbond disana, numpang sholat sama cas hp kena cas 150"
"239.","Sut Risno","1","2023-01-01","1","Numpang sholat sambil cah hp kena cas 150 ribu"
"240.","Asmaul Ul","97","2020-01-01","4","Pernah kesini waktu tahun 2017. Tempatnya sangat sejuk."
"241.","raden rea-reo","4","2019-01-01","3","maaf mau nanya harga perkamar sehari brp?!"
"242.","Hakky Affandy Latief","169","2024-01-01","5","Bagus, nyaman pemandangan kebun teh"
"243.","segianto 39","1095","2019-01-01","4","Bagus.. lebih nikmat dari teh Sosro..Sariwangi..mirip teh bandulan..ğŸ˜…ğŸ˜…ğŸ˜… â€¦"
"244.","MARIMAR VISTA36","32","2020-01-01","5","Nyaman...dn cuacanya sejuk bngt"
"245.","toni wae wes","81","2023-01-01","4","Hotel yang NYAMAN... swejuk.. pemandangan yanng bagus"
"246.","IZZATUN NAFISAH","26","2022-01-01","5","Mantaaap pelayanan hotel nya..kamarnya bersih ğŸ‘ â€¦"
"247.","Abah Abduh","3","2022-01-01","4","asri sepi asyik untuk menyendiri melepas kepenatan dari padatnya kesibukan."
"248.","Vst Probolinggo","33","2020-01-01","1","Kurang begitu bersahabat dengan TL dan driver krn tidak dikasih makan"
"249.","Muhim Janah","6","2024-01-01","5","Staycation paket komplit nih, recomended"
"250.","Oktari Tjandra Indrasari","45","2023-01-01","2","Breakfast nya Nasi Kotak seperti Nasi Jum'at Berkah"
"251.","Dwi Sugeng P","122","2021-01-01","5","Pandangannya bagus, bisa tea walk dan nyaman untuk.privacy"
"252.","Yoyong Agus","25","2019-01-01","5","Cocok buat akhir pekan dengan pemandangan alamnya"
"253.","DH Indraswara","376","2022-01-01","5","Mending di hotel dgn bangunan baru, cottage seperti bangunan lama"
"254.","Kukuh Paku Muslim","124","2020-01-01","5","Enak tempatnya asik. Coba deh buat yang udah nikah"
"255.","Agus Santoso","41","2021-01-01","4","Nyaman...bersih udara nya msh alami"
"256.","teguh zhafran wydo","896","2025-01-01","5","Rollaas Hotel and Resort tgl 4-5 Okt 2024 acara keluarga di Wonosari Malang"
"257.","waluyo riyadi","278","2017-01-01","5","View menghadao hamparan kebun teh,. indah bgt"
"258.","aries muharram","339","2023-01-01","5","Tempat ckp nyaman untuk book rame rame acara kantor .."
"259.","Aris Zutech","31","2022-01-01","5","Sejuk, asri, tenang jauh dari hiruk pikuk kota"
"260.","Hartono Tono","411","2024-01-01","5","Tempat yg nyaman buat nyantai ma kluarga"
"261.","ghere poerwanto","13","2018-01-01","5","Tempat yang menarik dan akan menjadi icon pariwisata Lawang"
"262.","ichwan saichu","31","2020-01-01","4","Memuaskan, tapi untuk pengendara motor parkirnya jauh.."
"263.","Fajar Aditiya","166","2024-01-01","4","Nyaman buat menenangkan pikiran"
"264.","Nanang Nurcahyo","237","2024-01-01","4","Kamar2nya kurang terawat."
"265.","GYRO 10","8","2021-01-01","4","Wifi nya lemot tolong tambah kan kecepat tan nya"
"266.","isaac irfan pamuji","20","2020-01-01","5","Tempat indah, sejuk, nyaman representatif untuk liburan keluarga"
"267.","Dev Ged","5","2025-01-01","1","Cukup sekali seumur hidup"
"268.","suherman herman","83","2025-01-01","4","Cocok buat yg penat di kota .."
"269.","Ariful Amin","242","2023-01-01","4","Pas sarapan menunya sudah tidak fres"
"270.","ristandi arif","19","2024-01-01","5","Malam ini ada hiburan untuk malam tahun baru"
"271.","Alim Jaka Prayitno","72","2023-01-01","5","Tempatnya enak buat santai bersama keluarga"
"272.","ImamSyahRoni","34","2023-01-01","1","Nungguin kamar tersedianya lama banget"
"273.","Risma GNC Surabaya","75","2025-01-01","5","bersih tenang nyaman ademmm"
"274.","Angga Dharmawan","11","2023-01-01","5","Bagus, tp tanpa ac"
"275.","Tridilawang","55","2020-01-01","5","Tempat yang tenang dan nyaman untuk liburan"
"276.","WISYANARI SETYABUDI","468","2025-06-01","5","Mantapp"
"277.","weare salafy","38","2020-01-01","5","Klo malem mau nyari rokok susah jauh"
"278.","Kiptiya Ayu","28","2019-01-01","5","Cocok untuk bersantai dan libur bersama keluarga"
"279.","adi purnomo","120","2020-01-01","5","Suasana asri, mantap liburan buat keluarga"
"280.","fajar istikomah","64","2023-01-01","2","Pelayanan dan kebersihan hotel kurang"
"281.","Cleat Toris","77","2021-01-01","5","Menginap dengan view yg menenangkan"
"282.","Wiratmoko Yuwono","24","2019-01-01","4","Tempat ok untuk rekreasi dan outbond"
"283.","Mega Lova","183","2019-01-01","5","Kamarnya nyaman, bagus, bersih"
"284.","Nurul Rahmawati","1791","2019-01-01","5","Lokasinya sangat menenangkan jiwa"
"285.","eddy chung","332","2025-01-01","5","Segera adem mantap"
"286.","Butet Sitanggang","136","2022-01-01","5","Nyaman, hening, asri dan dingin"
"287.","CHOHARI CHOHARI","183","2023-01-01","5","Tenang dingin mendamaikan"
"288.","Dyah Sunaring Fitri","198","2023-01-01","4","Masakannya rumahan bangett Endulitaaa"
"289.","nasir po","38","2022-01-01","5","oke bgt"
"290.","Tomi Dwi Prianto","93","2024-01-01","5","Bagus adem seger"
"291.","Farid Nurdiansyah","46","2023-01-01","5","Nyaman dan sedjuk"
"292.","sam dani","62","2019-01-01","3","Asik sih tp rada kotor"
"293.","Pascalis Djoko Subroto","69","2018-01-01","4","Nyaman tempatnya dan strategis"
"294.","Rizal Setiawan","42","2024-01-01","5","Suwejuukkk.. Bisa utk camping juga"
"295.","Tony Jaya","218","2022-01-01","4","Sarapannya kurang enak..."
"296.","Ukky Ferawati","95","2019-01-01","4","Tempatnya bagus, sejuk, nyaman .."
"297.","fajar kurniawan","3","2023-01-01","3","Pemandangan alamnya Masyaa Alloh"
"298.","minyprim","12","2024-01-01","5","Asik untuk berlibur bersama keluarga"
"299.","Dharghombhezz Aja","103","2024-01-01","3","Kurang terawat"
"300.","Hany teguh Priyo sutejo","51","2023-01-01","5","Hotelnya bagus"
"301.","Almi Rizki","4","2024-01-01","1","Pelayanan recepsionis parah Kapok"
"302.","Hari Kristiono","189","2023-01-01","5","Nyaman, aman, damai..."
"303.","Muhammad Alvaro","270","2023-01-01","4","Hotelnya nyaman"
"304.","OM CANDRA TV (Ayah)","163","2019-01-01","4","Cocok untuk kegiatan outdoor learning"
"305.","Achmad Baihaki","21","2022-01-01","5","ada lokasi kemah"
"306.","Lya Devyana","74","2023-01-01","5","Bersih dan nyaman"
"307.","Erwin Wijaya","392","2022-01-01","5","Mantap luas sejuk lengkap"
"308.","Guk Sonef","42","2019-01-01","4","View bagus dan alami, recommended"
"309.","Akbar The Losser 666","2","2020-01-01","5","Ya saya suka karena disini tempat tinggal saya"
"310.","SOESANTO NURUDIN SUMOKARTO","158","2022-01-01","5","Nyaman, tenang, sejuk"
"311.","Ruzdy_ Syarief","74","2020-01-01","5","Adem dan bersih"
"312.","dian rahmana","101","2020-01-01","4","tempat luas , udara segerr"
"313.","Musyafir Tajuddin","72","2017-01-01","4","Cozy Place...peninggalan Belanda"
"314.","Puji Mardianto","113","2023-01-01","5","Nyaman dan asri"
"315.","Fakhrudin Rifan","117","2020-01-01","5","Asyik tempatnya, nyaman juga"
"316.","Agustina Ade","245","2018-01-01","4","ğŸ‘ğŸ‘ğŸ‘ â€¦"
"317.","Aliefian Subagia","55","2019-01-01","5","Baik dan view sangat indah"
"318.","Wari Ono","14","2024-01-01","5","Tempatnya nyaman"
"319.","elang adventure","92","2020-01-01","5","Tempatnya suejuk... nyaman"
"320.","erma susant","5","2018-01-01","3","Freshhh ne pikir"
"321.","Dian Kartikasari","13","2020-01-01","5","Ramai dan nyaman"
"322.","Muh Zainul Amin Nur","144","2022-01-01","4","Baik.."
"323.","nico dwi pribawa","2","2022-01-01","5","Bagus untuk liburan keluarga"
"324.","Yogata Disastra","38","2018-01-01","4","Suasana nyaman menyegarkan"
"325.","X Boy Wardhana","3","2019-01-01","5","Bagus.."
"326.","Doctor Springbed","2","2023-01-01","5","Mantap teriakasih"
"327.","Kusuma Alvian","44","2025-01-01","4","Perlu direnovasi Pleasa"
"328.","Niar Puji Cayati","15","2023-01-01","4","Cukup baik,"
"329.","Travel Goeh","284","2018-01-01","4","Suka... lumayan.."
"330.","Billy Dzulqarnain","3","2022-01-01","5","Ramah pelayanannya .."
"331.","Elly Indra Christiyanti","8","2023-01-01","5","Tahun Depan Kesini LagiğŸ¥°"
"332.","Shey Nathania","10","2023-01-01","5","Mantap gaess.."
"333.","Yolanda Ekaristi","4","2023-01-01","5","Siip"
"334.","Hermawan Arif","19","2022-01-01","5","Tempat yang nyaman untuk istirahat"
"335.","Tomy Nugrahadjati","780","2023-01-01","5","Nyaman"
"336.","sungkawaningsih Nila","169","2023-01-01","4","Suka"
"337.","emilia agustiana","20","2019-01-01","4","Udara yg segaaarrrr..."
"338.","MINI AZA","195","2020-01-01","5","Tempatnya bagus"
"339.","Masrulrzq","8","2021-01-01","1","biasa"
"340.","Cholis Joe","6","2018-01-01","4","Tidak ada di tempat lain"
"341.","Setiya Aris","792","2022-01-01","4","Mantulll"
"342.","Raki Faisal Anas","348","2022-01-01","5","Enak vibesnya"
"343.","Bang_ud Chanel","21","2023-01-01","5","Hotel tanpa AC ğŸ˜"
"344.","Sadam Ganteng","1","2023-01-01","4","Sangat asri"
"345.","Hari Susiyawan","3","2022-01-01","4","Tenang dan nyaman lah ya"
"346.","Mohamad Arief Hidayat, MM.","297","2022-01-01","5","Ok dan nyaman"
"347.","sura diyono","224","2020-01-01","4","Kurang marketing"
"348.","BAYU","180","2024-01-01","5","Hotel yang nyaman"
"349.","Jerry Rosanti","17","2025-01-01","4","N/A"
"350.","Didik Rudianto","326","2025-01-01","4","N/A"
"351.","Julie Christie","2","2024-01-01","4","N/A"
"352.","Linz Poenya","63","2023-01-01","5","N/A"
"353.","Muhammad Fikri As Sajjid","6","2023-01-01","4","N/A"
"354.","Hery Set","47","2020-01-01","5","Nyaman"
"355.","caca Zahh","1","2025-12-27","1","pelayanan buruk... semua staf tidak ramah"
"356.","Muchlis Irawan","42","2025-12-25","5","Amazing,,tempatnya adem,sejuk,tenang,bersih,pelayannya ramah dan cepat.pokoknya bagus banget."
"357.","Cak Hananto","155","2018-01-01","5","Nyaman"
"358.","Christian Guiriec","3","2025-01-01","3","Hotel yang sangat tenang di lingkungan yang indah. Setiap kamar memiliki balkon dengan pemandangan yang indah! Stafnya ramah dan membantu. Namun, perlu diketahui bahwa hotel ini tidak menerima Visa atau MasterCard, dan tidak ada ATM di desa untuk tarik tunai. Oleh karena itu, untuk pembelian atau pengeluaran apa pun di hotel, bawalah uang tunai. Kolam renang tampak terbengkalai, mengingat kondisi keseluruhannya dan khususnya kondisi airnya; kami tidak berani berenang! Apakah ini karena kami ke sana di luar musim liburan? Kamarnya kuno, dan kamar mandinya berkarat dan kurang bersih. Pemanas air gasnya tidak dapat diandalkan dan tidak selalu menyediakan air panas."
"359.","Emi w drodze","60","2025-01-01","1","Entah kenapa manajer hotel mengizinkan hal seperti ini terjadi di depan kamar tamu pukul 5 pagi, tapi jelas tidak direkomendasikan bagi siapa pun yang mencari tempat tenang jauh dari kota. Kami pikir tempat ini cukup terpencil untuk menemukan kedamaian, tapi malah terbangun oleh lagu baby shark dan sialala in the morning yang diteriakkan dengan pengeras suara. Rupanya mereka sering mengadakan perkemahan keluarga/sekolah semacam ini di sini pada akhir pekan. Kamarnya lumayan dan area sarapannya sangat bagus, tapi kami ingin segera keluar dari sana karena kebisingannya."
"360.","Abram Wicaksana Putra","3","2025-01-01","5","Hotel Rollaas di Perkebunan Teh Wonosari adalah tempat menginap yang nyaman dan menenangkan. Dikelilingi oleh kebun teh yang rimbun, hotel ini menawarkan udara segar, pemandangan indah, dan suasana damai. Kamar-kamarnya bersih dan nyaman, dan stafnya ramah dan membantu. Sempurna untuk liburan di alam!"
"361.","Melissa Robbins","36","2025-01-01","2","Saya tidak akan menginap di sini sampai direnovasi. Bukan hanya dindingnya yang mengelupas, tapi juga berjamur. Lingkungannya jelas tidak sehat, dan saya terbangun dengan perasaan sesak meskipun tidur di depan jendela yang terbuka. Kami ke sana saat liburan, dan mereka tidak siap menghadapi tamu yang memenuhi kamar hari itu. Tidak ada peredam suara, dan begitu tamu pertama di hotel bangun, semua orang langsung bangun tak lama kemudian. Mereka memang berhasil menyajikan sarapan yang layak untuk banyak orang, dan pemandangan dari restorannya sungguh menakjubkan. Tempat ini memang berpotensi, tetapi masih perlu banyak perbaikan."
"362.","johanna tania","44","2025-01-01","5","Hanya 15-20 menit dari Singosari atau sekitar 30 menit dari Arjosari/Araya, jadi pilihan yang sangat tepat untuk liburan singkat dari hiruk pikuk kota ğŸ˜‰ Ulasan ini ditulis pada bulan Juli 2024. Tadi malam cuacanya dingin tapi tidak terlalu dingin, sekitar 17Â°C, sedikit berangin tapi tidak terlalu kencang. Sarapannya lezat, terdiri dari hidangan utama, buah, dan minuman. Ada kafetaria tak jauh dari gedung utama hotel. Mereka menjual teh, kopi, dan minuman hangat lainnya, serta beberapa camilan ringan dan suvenir. Semua minuman dan camilannya lezat âœ¨ğŸ¥° Pelayanannya luar biasa, 5/5 â­â­â­â­â­ Pasti sepadan dan ingin kembali lagi."
"363.","Ulfah Damamini","320","2023-01-01","4","Terakhir kali saya ke sini mungkin lebih dari 10 tahun yang lalu. Kondisi dan fasilitasnya tidak jauh berbeda, lebih tepatnya kurang signifikan dengan perkembangan yang ada. Namun yang pasti, jumlah kamar untuk menginap di sana bertambah. Sebelumnya hanya 12 kamar dan terbuat dari kayu, kini telah mengalami renovasi menjadi 24. Di ujung deretan kamar terdapat restoran dengan pemandangan terindah, hamparan kebun teh (meskipun terlihat kurang tertata). Namun sayangnya, restoran ini tidak melayani tamu yang datang ke sana hanya untuk menikmati pemandangan sambil makan siang atau minum teh ğŸ¤·ğŸ½â€â™‚ï¸ Ada semacam kompensasi untuk nongkrong bagi tamu di tempat lain, yaitu 'kedai teh' yang tak jauh dari Hotel Rollaas. Lokasi Perkebunan Teh Wonosari berjarak 22 km dari Kota Malang, atau 80 km dari Kota Surabaya. Kalau tamu kesana dari jarak yang cukup jauh, ya sudah lah dapat suasana, selain keramahan dan pelayanan yang baik, ya sudahlah.. ya sudahlah, tidak perlu berharap lebih."
"364.","Rika Adjie","214","2025-01-01","5","Kami sangat menikmati masa inap kami di sini. Kami mendapat kamar di lantai 2 dengan pemandangan alam (area perkemahan). Dan kami sangat senang mendapatkan kamar ini. Saya tidak bisa membayangkan jika kami mendapatkan kamar yang berhadapan langsung dengan kamar lainnya. Sarapannya standar tapi lumayan. Tarif kamarnya sangat sepadan dengan harganya. Kami pasti akan kembali ke sini lagi suatu hari nanti."
"365.","Soejenli Tejasukmana","272","2024-01-01","3","Kamarnya bersih.. dinding kayunya agak lapuk.. wallpapernya sudah terkelupas.. kamarnya perlu direnovasi. Restorannya punya pemandangan yang indah ğŸ‘Œ.. Saya sarapan sederhana.. kari ayam Jawa.. rasanya lezat. Hotel ini terletak di lereng gunung.. dan memiliki panorama yang indah."
"366.","Richard Keul","203","2022-01-01","3","Bahasa Indonesia: Saya suka datang ke sini untuk iklim, pemandangan indah, dan kualitas udara yang baik. Sekarang telah menjadi populer di kalangan penggemar sepeda motor dan off-road. Pandemi tidak baik untuk banyak tempat usaha, dan di sini itu terlihat. Namun saya menduga hotel ini tidak dirawat dengan baik untuk sementara waktu. Meskipun stafnya ramah. Ketika datang ke kamar, itu adalah cerita yang berbeda. Lantai parkir di kamar hancur, kertas dinding mengelupas, seprai bernoda, sudut berjamur, keran bocor dan tidak ada air panas. Meskipun kamar lain yang kami pesan memiliki lantai ubin, jadi sepertinya mereka sedang mengatasi masalah tersebut. Bahkan dengan harga diskon, sulit untuk mengabaikan keadaan kamar. Dan semua jalan di dalam properti cukup buruk. Semoga semuanya dapat diperbaiki."
"367.","Fang Marlova","124","2023-01-01","3","31.12.2022-1.1.2023 Pemandangannya luar biasa. Tempat yang bagus untuk menginap bersama keluarga. Sayangnya sinyalnya sulit didapat, dan meskipun hotel menyediakan Wi-Fi, kualitasnya juga kurang bagus. Fasilitas hotel kurang baik, dibandingkan dengan harganya. Wastafelnya rusak. Sarapannya kurang ramah anak, terlalu banyak lada dan pedas. Tempatnya bagus, sayangnya hotelnya kurang terawat. ğŸ™ğŸ»"
"368.","Wanda Revi Septiasari","39","2023-01-01","4","Kamarnya bagus, tapi tidak ada AC, jadi tidak ada pemanas di malam hari. Saya suka aroma sabunnya! Pemandangannya bagus saat kami sarapan. Sebagai informasi, menu sarapannya sedikit."
"369.","budi susanto","20","2025-09-01","5","Tempat yang asyik untuk menjauh dari hiruk pikuk kota (kemacetan lalu lintas yang sangat parah)"
"370.","Kata Nieke","48","2019-01-01","5","Ini adalah salah satu liburan terbaik yang pernah saya alami. Setelah mengunjungi Wisata Agro Wonosari di Lawang, Jawa Timur, Indonesiaâ€”kesimpulan saya adalah Bromo bukan satu-satunya tempat yang bagus untuk menyaksikan matahari terbit. Saya menginap satu malam di Hotel Rollaas. Kamarnya nyaman, kamar mandi dengan pemanas air, kulkas mini, handuk, dua botol air mineral, teh, dan teko air. Saya bangun pukul 3 pagi dan kami pergi ke Bukit Kuneer untuk melihat matahari terbit. Hotel ini menyediakan berbagai paket wisata, salah satunya adalah pergi ke Bukit Kuneer untuk melihat matahari terbit. Pemandangan di Bukit Kuneer sangat menakjubkan. Dikelilingi oleh setidaknya tiga gunung. Di tengah-tengah kebun teh. Di hotel, Anda dapat menikmati makan siang atau sarapan di restoran dengan pemandangan indah: kebun teh."
"371.","Ario Prabantoro","233","2020-01-01","4","Saya mengunjungi hotel ini hanya untuk bertamasya. Saya merasa hotelnya sangat bagus dan bersih dengan pemandangan yang indah. Kamar-kamarnya juga memiliki balkon. Suhu di sore hari bulan Desember cukup dingin, hujan, dan berkabut."
"372.","pakdhe mitro","3","2025-11-01","4","Tempat yang sejuk dan damai"
"373.","Iftitah Regina","53","2018-01-01","5","Pemandangan di belakangnya bagus, banyak pepohonan terlihat di sana. Kamarnya juga cukup bagus. Saya suka makanan yang mereka sajikan."
"374.","Wisnuaji Gagat Priambada","263","2025-09-01","5","Nyaman. Sejuk. Layanan luar biasa. Ramah keluarga."
"375.","Adam Mele","108","2018-01-01","5","Dari kejauhan, di malam hari, perhatikan bagaimana cahaya memancar dari pintu depan. Mundur sedikit lagi dan Anda mungkin bisa melihat bintang-bintang. Namun hati-hati. Daerah ini cepat gelap."
"376.","Della Rusita","555","2022-01-01","2","Rusak, dan tidak ada yang menginap. Kamar mandinya sangat kotor, kami sebenarnya satu-satunya tamu saat itu. Tapi ketika kami tiba, mereka sedang mengadakan acara. Jadi mungkin itu hanya tempat untuk acara. Tidak direkomendasikan untuk menginap."
"377.","Abdul Malik","373","2020-01-01","5","Ini kedua kalinya saya ke sini. Sejuk, sejuk, dan segar meski tanpa AC."
"378.","Junes Adriano","1","2025-06-01","5","sangat direkomendasikan untuk datang dan berlibur ke hotel iniğŸ‘"
"379.","Joannes Sugiheruyono","52","2020-01-01","5","Pemandangan malam yang indah di Anjungan Cafe Rollas Hotel dengan pertunjukan musik live berdasarkan permintaan"
"380.","dokter plum","6","2025-03-01","5","Tempat yang indah dan tenang di tengah perkebunan teh."
"381.","Irwan Eko Priyo Wibowo","45","2025-07-01","5","Keren"
"382.","NancyD","124","2023-01-01","4","Saya suka tempat ini dengan perkebunan teh di setiap sudut Resor."
"383.","Ahmad Fathoni","13","2023-01-01","5","Dingin dan tenang"
"384.","Ciput Purwianti","275","2023-01-01","5","Suka sekali dengan trekking ke bukit kuneer.. bersiaplah kawan"
"385.","ingchandra tour (pak pong)","7","2021-01-01","5","keren dan menenangkan ğŸ˜ â€¦"
"386.","Indri Yanti","25","2022-01-01","5","Tempat yang sangat bagus dan nyaman untuk menyegarkan pikiran ğŸ˜ŠğŸ‘ â€¦"
"387.","Eko Hendro","68","2024-01-01","5","Bisa check in lebih awal?"
"388.","Darrell Timothy","33","2024-01-01","5","Pemandangan yang indah"
"389.","Yudha Persia Rahardhika","4","2023-01-01","5","Tempat terbaik untuk menenangkan pikiran dan tubuhku"
"390.","Abi Sufyan","66","2023-01-01","5","Kerja bagus"
"391.","Stepi tepi","2","2025-01-01","5","Bagus"
"392.","luqman rizkyanto","263","2020-01-01","5","Sa E"
"393.","Muhamad Suharsa (Kang Harsa)","110","2018-01-01","4","Tempat yang bagus untuk melarikan diri dari rutinitas kita..."
"394.","Keyla","23","2024-01-01","5","Dingin sekali."
"395.","Anisa Subagyo","185","2017-01-01","5","tempat favorit"
"396.","Reza Prinda","11","2022-01-01","5","Tempat Dingin"
"397.","Agung Surya D","58","2025-12-18","5","N/A"
"398.","Ndre Andre","130","2021-01-01","4","Sangat dingin."
"399.","Ida Damayanti","21","2018-01-01","5","Tempat yang indah dengan kebun teh"
"400.","SC_Aysa Izzah Charissa I","2","2025-12-01","5","N/A"
"401.","Rino Poetranto","8","2025-12-01","3","N/A"
"402.","Sony Widianto","10","2025-10-01","5","N/A"
"403.","heri siswoyo sunariyanto","68","2025-01-01","5","Oke"
"404.","Achmad Rizal","9","2025-09-01","5","N/A"
"405.","27_Nilam Ayu Permatasari","2","2025-08-01","5","N/A"
"406.","Ridwan Basalamah","51","2019-01-01","4","Bagus ğŸ‘ğŸ‘ â€¦"
"407.","FNDI BCKUP","2","2022-01-01","5","Dingin"
"408.","Heri Pure","46","2022-01-01","5","Bagus..."
"409.","Ahmad Bsm","49","2022-01-01","3","nayamul"
"410.","Yudah Oktovia","499","2017-01-01","5","Cukup nyaman dan bersih"
"411.","Cak Giman","79","2024-01-01","5","Saya masih menunggu."
"412.","Raykitsuu","41","2020-01-01","5","tempat yang bagus, menghabiskan malam terima kasih"
"413.","yulianto tb","164","2025-01-01","5","Ke atas"
"414.","DIAN kasa","698","2019-01-01","4","Tempat yang bagus untuk berbulan madu"
"415.","Ahmad Fauzi","6","2018-01-01","5","Dingin"
"416.","entop topan","989","2019-01-01","5","tempat penanda duplikat."
"417.","Wahyuni Shafen","97","2022-01-01","5","ATAS"
"418.","farah nazirah","8","2025-06-01","4","N/A"
"419.","Rochmad Yulianto","33","2020-01-01","5","hotel sederhana dan bagus"
"420.","Agus Kartika","147","2019-01-01","5","Bagus"
"421.","Rudi Anto","153","2025-06-01","4","N/A"
"422.","Bobby Gandhi","38","2019-01-01","5","Tempat yang bagus untuk menyegarkan diri"
"423.","akh fillah adi","808","2025-05-01","4","N/A"
"424.","priyohandoko â€œPriyo guide jogjaâ€ mulyo","690","2025-03-01","5","N/A"
"425.","Ferdian Ahmad","150","2020-01-01","4","Hotel yang bagus..."
"426.","Amiru Sariningrum","18","2025-02-01","4","N/A"
"427.","achmad aminillah","96","2025-02-01","5","N/A"
"428.","Desy Rani","22","2025-02-01","5","N/A"
"429.","Ariska wulandari","7","2025-01-01","5","N/A"
"430.","Alif Seva","1","2025-01-01","5","N/A"
"431.","Titis Haryani","88","2025-01-01","5","N/A"
"432.","Giant Azza","4","2025-01-01","5","N/A"
"433.","Haya, Inc.","9","2020-01-01","5","Seruput"
"434.","Ary Karuniawan","4","2025-01-01","5","N/A"
"435.","Philip Suhandi Tanjung","31","2025-01-01","4","N/A"
"436.","Adinda SP","1","2025-01-01","5","N/A"
"437.","Achadiah Rachmawati","15","2025-01-01","5","N/A"
"438.","Madumongso Tombo Kangen (Ningnong78)","259","2025-01-01","5","N/A"
"439.","Muhammad Agus","31","2025-01-01","5","N/A"
"440.","Djunaidi Natan","462","2025-01-01","3","N/A"
"441.","cassava pujo","40","2025-01-01","5","N/A"
"442.","saifuddin","87","2025-01-01","5","N/A"
"443.","Siti Wulandari","19","2025-01-01","5","N/A"
"444.","ananda putri","1","2025-01-01","5","N/A"
"445.","Charis","493","2025-01-01","5","N/A"
"446.","warsito warsito","280","2025-01-01","5","N/A"
"447.","East Java Driver","27","2025-01-01","5","N/A"
"448.","krystian febrian","35","2024-01-01","5","N/A"
"449.","Sugi Arni","31","2024-01-01","5","N/A"
"450.","Mochamad Alfan","21","2024-01-01","5","N/A"
"451.","ri zal","1","2024-01-01","5","N/A"
"452.","Gus Yanto","363","2024-01-01","5","N/A"
"453.","andy hadi","17","2024-01-01","5","N/A"
"454.","Fajar Kusworo","62","2024-01-01","5","N/A"
"455.","eko iswan","101","2024-01-01","5","N/A"
"456.","Bea Liviana","69","2024-01-01","5","N/A"
"457.","SATYA HARTAWAN","78","2024-01-01","5","N/A"
"458.","kHullah Tin","82","2024-01-01","5","N/A"
"459.","Freddy Gunawan","120","2023-01-01","4","N/A"
"460.","Johar Arifin","5","2023-01-01","5","N/A"
"461.","Alfn","74","2023-01-01","5","N/A"
"462.","Ussy FiLia","38","2023-01-01","5","N/A"
"463.","Budi Adnya","13","2023-01-01","5","N/A"
"464.","deni sistyanto","7","2023-01-01","5","N/A"
"465.","Agung P","80","2023-01-01","5","N/A"
"466.","Supartien Komaladewi","21","2023-01-01","4","N/A"
"467.","Aphrodite Adith Adriane","92","2023-01-01","5","N/A"
"468.","Yeremia T.A.","42","2023-01-01","5","N/A"
"469.","Tri Susanti","28","2023-01-01","5","N/A"
"470.","Putri Aisyah","4","2023-01-01","5","N/A"
"471.","Chori Abqary (C-A3)","16","2023-01-01","5","N/A"
"472.","buana wisnu","8","2023-01-01","3","N/A"
"473.","5_4_Achmad Al Farisi","67","2023-01-01","5","N/A"
"474.","Ayunindya Zela","4","2023-01-01","4","N/A"
"475.","sonny christanto","5","2023-01-01","5","N/A"
"476.","sonny christanto","1","2023-01-01","5","N/A"
"477.","Purwindha Setiawan","2","2023-01-01","5","N/A"
"478.","Muhammad Saputra","46","2023-01-01","5","BwhywwHuwyy2bywj"
"479.","Dewi Purwati","139","2020-01-01","5","Pemandangan yang indah"
"480.","Supriadi","6","2019-01-01","5","Tempat yang menakjubkan"
"481.","Indra Mulyawan","15","2022-01-01","5","Nyaman dan santai"
"482.","Mas Mulyadi","406","2025-10-01","5","N/A"
"483.","Kang Dedy Setiawan","72","2025-08-01","5","N/A"
"484.","Nurul Hidayah","3","2025-07-01","5","N/A"
"485.","edwin hopman","3","2025-02-01","3","N/A"
"486.","NRS Project Official","20","2025-01-01","5","N/A"
"487.","tomi sandi","6","2025-01-01","5","N/A"
"488.","sunni Amanulloh","1","2025-01-01","4","N/A"
"489.","Diantri Rahmawardani","6","2025-01-01","5","N/A"
"490.","yunita rahmawanti","211","2025-01-01","4","N/A"
"491.","istiqomah dyah","113","2025-01-01","5","N/A"
"492.","Mohask Solehudin","47","2024-01-01","5","N/A"
"493.","mus tajib","377","2024-01-01","5","N/A"
"494.","Rudi Susanto","28","2024-01-01","5","N/A"
"495.","Igif Rizekiyas","10","2024-01-01","5","N/A"
"496.","Agus Hindarto","28","2024-01-01","5","N/A"
"497.","makhmud khunaefi","6","2024-01-01","5","N/A"
"498.","Bambang Irawan","11","2024-01-01","5","N/A"
"499.","Gita Oshigita","20","2023-01-01","5","N/A"
"500.","dewi komariyah","28","2023-01-01","4","N/A"
"501.","Yahya Iqbal","7","2023-01-01","5","N/A"
"502.","uwo sudjarwo","2","2023-01-01","4","N/A"
"503.","Debby Nurhayati","164","2023-01-01","5","N/A"
"504.","Yuyun is yudi","64","2023-01-01","4","N/A"
"505.","Ferdi Tan","113","2023-01-01","5","N/A"
"506.","Giorgio â€œGTâ€ The","3","2023-01-01","5","N/A"
"507.","Firman Hidayat","6","2023-01-01","5","N/A"
"508.","Rishi Faomi","402","2023-01-01","5","N/A"
"509.","Yayak Djogdja","1","2023-01-01","5","N/A"
"510.","Shifa Ima","8","2023-01-01","5","N/A"
"511.","Arnezt Febrian","19","2023-01-01","5","N/A"
"512.","Donnie","1","2023-01-01","5","N/A"
"513.","Arief Syarifuddin","30","2023-01-01","5","N/A"
"514.","Sonny Christanto","11","2023-01-01","5","N/A"
"515.","Yanni dewianty utomo","13","2023-01-01","4","N/A"
"516.","Ani Lutviana","2","2023-01-01","5","N/A"
"517.","Yogi Suryawan","30","2023-01-01","5","N/A"
"518.","Herlina W","59","2023-01-01","5","N/A"
"519.","fermi trafianto","62","2023-01-01","4","N/A"
"520.","Teuku Rionaldi","16","2023-01-01","5","N/A"
"521.","Moch Noer Ilahi","48","2023-01-01","5","N/A"
"522.","Indah Setiyawati","3","2023-01-01","4","N/A"
"523.","Budi Tjahjono","1","2022-01-01","5","N/A"
"524.","Zalfaa Aulia","5","2022-01-01","5","N/A"
"525.","desintaqila triastuti","3","2022-01-01","5","N/A"
"526.","Vitalis","16","2022-01-01","5","N/A"
"527.","slamet teguh budiono","281","2022-01-01","5","N/A"
"528.","Edi Kurniawan","1","2022-01-01","5","N/A"
"529.","Muhammad Asyraf","58","2022-01-01","5","N/A"
"530.","Kak Iham","77","2022-01-01","4","N/A"
"531.","dennis nichova","19","2022-01-01","5","N/A"
"532.","bunda zidny","8","2022-01-01","5","N/A"
"533.","Ahmad Izzuddin abduh","215","2022-01-01","3","N/A"
"534.","Fitri Eka","2","2022-01-01","5","N/A"
"535.","Nur Luluk Aisyah","2","2022-01-01","5","N/A"
"536.","Denny Chandra","4","2022-01-01","5","N/A"
"537.","silvia hayatin nasuha","1","2022-01-01","3","N/A"
"538.","adri wdjk","69","2022-01-01","3","N/A"
"539.","Elya Prastiti Wulandari","2","2022-01-01","5","N/A"
"540.","Syarifatuz Zahro","6","2022-01-01","5","N/A"
"541.","Dzakiroh Fikriyyah","9","2022-01-01","4","N/A"